_id,singkat,hasil
1,abis,habis
2,accent,tekanan
3,accept,terima
4,accident,kecelakaan
5,achievement,prestasi
6,acra,acara
7,acrany,acaranya
8,acrnya,acaranya
9,action,aksi
10,active,aktif
11,activity,aktivitas
12,actually,sebenarnya
13,actualy,sebenarnya
14,ad,ada
15,ade,ada
16,adult,dewasa
17,adventure,petualangan
18,adventurer,petualang
19,advice,nasehat
20,after,setelah
21,afternun,sore
22,again,lagi
23,agency,perwakilan
24,agent,agen
25,agk,agak
26,agktn,angkatan
27,agree,setuju
28,agreement,persetujuan
29,aing,saya
30,aj,saja
31,aja,saja
32,ajah,saja
33,aje,saja
34,ajeh,saja
35,ajk,ajak
36,ak,saya
37,akeh,banyak
38,akhire,akhirnya
39,aktifkn,aktifkan
40,aku,saya
41,alhamdlh,alhamdulillah
42,alhamdulilah,alhamdulillah
43,almost,hampir
44,almt,alamat
45,alone,sendiri
46,alsn,alasan
47,also,juga
48,always,selalu
49,ama,sama
50,amazing,mengagumkan
51,ampe,sampai
52,amu,kamu
53,amuh,kamu
54,ancen,memang
55,ancur,hancur
56,ane,saya
57,anget,hangat
58,aple,apple
59,aplksi,aplikasi
60,aproved,diterima
61,aq,saya
62,aqoe,saya
63,aqu,saya
64,aqw,saya
65,arep,mau
66,arived,tiba
67,article,artikel
68,artine,artinya
69,asignment,tugas
70,assistance,bantuan
71,assistant,asisten
72,asyek,asyik
73,ats,atas
74,atu,satu-satu
75,atw,atau
76,automatic,otomatis
77,aya,ada
78,b,bb
79,"b\kesinambungn""",berkesinambungan
80,babeh,ayah
81,balasanya,balasannya
82,bales,balas
83,banga,bangga
84,batre,baterai
85,bbrapa,beberapa
86,bbrp,beberapa
87,bbrpa,beberapa
88,bdg,bandung
89,beach,pantai
90,before,sebelum
91,begete,banget
92,bego,bodoh
93,belike,belikan
94,bengi,malam
95,benjol,memar
96,beraktifitas,beraktivitas
97,berjln,berjalan
98,berkmmpuan,berkemampuan
99,bersaman,bersamaan
100,bet,banget
101,beter,better
102,between,antara
103,Bgm,bagaimana
104,bgmn,bagaimana
105,bgmna,bagaimana
106,bgn,bangun
107,bgt,banget
108,bgtu,begitu
109,bhs,bahasa
110,bimbel,bimbingan belajar
111,birthday,ulang tahun
112,bis,habis
113,bjln,berjalan
114,bklan,bakalan
115,bkn,bukan
116,blackbery,blackberry
117,blg,bilang
118,blk,balik
119,blm,belum
120,bln,bulan
121,blng,bilang
122,blnja,belanja
123,blom,belum
124,blon,belum
125,bls,balas
126,blsanya,balasannya
127,blum,belum
128,bm,bbm
129,bnar,benar
130,bner,benar
131,bnr,benar
132,bnrn,beneran
133,bntr,sebentar
134,bntu,bantu
135,bnuh,bunuh
136,bnyk,banyak
137,bobonya,tidurnya
138,bodo,bodoh
139,bokap,ayah
140,bole,boleh
141,boong,bohong
142,boring,bosan
143,bpak,bapak
144,bpk,bapak
145,brangcut,berangkat
146,brangkt,berangkat
147,brenang,berenang
148,brg,barang
149,brp,berapa
150,brpa,berapa
151,brsih,bersih
152,bru,baru
153,bs,bisa
154,bsa,bisa
155,bsar,besar
156,bsh,basah
157,bsk,besok
158,bsok,besok
159,bsr,besar
160,bth,butuh
161,btuh,butuh
162,btul,betul
163,btw,ngomong ngomong
164,buanged,banget
165,buangedh,banget
166,buanget,banget
167,buktiin,buktikan
168,buktin,buktikan
169,buln,bulan
170,bungks,bungkus
171,bw,bawa
172,bwa,bawa
173,bwah,bawah
174,bwat,untuk
175,bwh,bawah
176,bwt,untuk
177,byar,bayar
178,byk,banyak
179,byr,bayar
180,cabe,cabai
181,cadas,cerdas
182,cah,bocah
183,call,telepon
184,can,dapat
185,cape,capek
186,"car
",mobil
187,career,karir
188,caution,perhatian
189,cb,coba
190,Ceman,teman
191,cemungudh,semangat
192,Cemungut,semangat
193,cepet,cepat
194,cew,cewek
195,cewe,cewek
196,check,cek
197,ciapa,siapa
198,cibuk,sibuk
199,cinto,cinta
200,cius,serius
201,ciusan,seriusan
202,ciyus,serius
203,clananya,celananya
204,cm,cuma
205,cmpakan,campakkan
206,cmpakin,campakkan
207,cnd,canda
208,cnda,canda
209,cnggih,canggih
210,cngih,canggih
211,cnt,cinta
212,cnta,cinta
213,cntik,cantik
214,cntk,cantik
215,cntre,tengah
216,co,cowok
217,coach,pelatih
218,coaster,alas
219,cocokin,cocokkan
220,cocoknyo,cocoknya
221,coconut,kelapa
222,cod,bayar saat pengiriman
223,coding,mengkode
224,coklat,cokelat
225,colecting,mengoleksi
226,colection,koleksi
227,colongin,curikan
228,colonial,kolonial
229,color,warna
230,colorful,berwarna-warni
231,colour,warna
232,comeback,datang kembali
233,comedy,komedi
234,comendable,patut dihargai
235,coment,komen
236,comercial,komersil
237,comes,datang
238,comfirm,konfirmasi
239,Comfort,nyaman
240,comfortable,menyenangkan
241,comic,komik
242,coming,datang
243,comingson,segera datang
244,comingsoon,segera datang
245,commando,prajurit
246,commendable,patut dihargai
247,comment,komen
248,commentary,uraian
249,commercial,komersil
250,community,komunita
251,communityny,komunitanya
252,company,perusahaan
253,competition,persaingan
254,complain,mengeluh
255,complete,lengkap
256,completes,lengkap
257,compliment,pujian
258,compose,menyusun
259,computing,menghitung
260,comunity,komunita
261,comunityny,komunitanya
262,concept,konsep
263,concert,konser
264,condition,kondisi
265,conditioning,mengkondisikan
266,conect,menghubungkan
267,conection,koneksi
268,confident,yakin
269,configuration,susunan
270,confirm,konfirmasi
271,confius,bingung
272,confuse,bingung
273,confused,bingung
274,congralts,(ucapan) selamat
275,Congrat,(ucapan) selamat
276,congrate,(ucapan) selamat
277,congrats,(ucapan) selamat
278,consept,konsep
279,consider,mempertimbangkan
280,consult,berunding
281,consultants,konsultan
282,consumer,konsumen
283,contac,kontak
284,contact,kontak
285,content,isi
286,contest,kontes
287,contoe,contohnya
288,contra,kontra
289,contract,kontrak
290,control,kontrol
291,convention,konvensi
292,Convoy,konvoi
293,cook,memasak
294,copas,copy paste
295,copot,lepas
296,corner,sudut
297,corners,sudut
298,corola,corolla
299,correction,koreksi
300,corridor,koridor
301,cosmetics,kosmetik
302,cost,ongkos
303,costs,ongkos
304,costum,kostum
305,could,dapat
306,council,dewan
307,countdown,perhitungan detik-detik terakhir
308,counter,alat perhitungan
309,country,negara
310,countryside,daerah pedalaman
311,couple,pasangan
312,cousin,sepupu
313,cow,cowok
314,cowo,cowok
315,cpt,cepat
316,cr,cara
317,crazy,gila
318,cri,cari
319,crt,cerita
320,crtx,ceritanya
321,cucok,cocok
322,cukop,cukup
323,cuman,cuma
324,cumn,hanya
325,curcol,curhat
326,cwek,cewek
327,cwo,cowok
328,cwok,cowok
329,cyus,serius
330,dah,sudah
331,dalan,jalan
332,dangerous,bahaya
333,dasyat,dahsyat
334,date,tanggal
335,dateng,datang
336,datenglah,datanglah
337,day,hari
338,dbls,dibalas
339,dbnt,dibantu
340,ddlm,didalam
341,dduk,duduk
342,defence,pertahanan
343,defend,membela
344,deg2an,deg-degan
345,degdeg,deg-degan
346,degdeg-an,deg-degan
347,degdegan,deg-degan
348,degdegser,deg-degan
349,deket,dekat
350,desek2an,desak-desakan
351,desekan,desakan
352,dewe,sendiri
353,dftar,daftar
354,dg,dengan
355,dgn,dengan
356,dgr,dengar
357,dgrin,dengarkan
358,dgrn,dengarkan
359,dh,sudah
360,dibangain,dibanggakan
361,dibls,dibalas
362,digangu,diganggu
363,diizinin,diberi izin
364,dikasi,dikasih
365,dikasinya,dikasihnya
366,dikit,sedikit
367,dikls,di kelas
368,diliat,dilihat
369,diluk,sebentar
370,dimana2,dimana-mana
371,dimkn,dimakan
372,dimksd,dimaksud
373,dimn2,dimana-mana
374,dimna,dimana
375,dinstal,diinstall
376,dipake,dipakai
377,dipangilnya,dipanggilnya
378,dipke,dipakai
379,disawat,dilempar
380,disblah,disebelah
381,discon,diskon
382,discont,diskon
383,discount,diskon
384,disebrang,diseberang
385,disebuah,disebuah
386,disekolah,di sekolah
387,disekolahan,di sekolahan
388,disekolahin,disekolahkan
389,diselengarakan,diselenggarakan
390,diselimutin,diselimuti
391,disenayan,di senayan
392,disenen,di senen
393,disentul,di sentul
394,diservice,diservis
395,dishub,Dinas Perhubungan
396,dishubkominfo,Dinas Perhubungan Komunikasi dan Informatika
397,disi,diisi
398,disia2in,disia-siakan
399,disimpen,disimpan
400,disimpng,disimpang
401,disinih,disini
402,disklh,di sekolah
403,diskonnye,diskonnya
404,diskony,diskonnya
405,diskonya,diskonnya
406,Diskonye,diskonnya
407,disni,disini
408,disono,disana
409,disonoh,disana
410,distribution,distribusi
411,district,daerah
412,distroy,hancur
413,disturb,ganggu
414,disurga,di surga
415,disurh,disuruh
416,disuru,disuruh
417,ditabra,ditabrak
418,ditaktir,ditraktir
419,ditaman,di taman
420,ditambahin,ditambahkan
421,ditanah,di tanah
422,ditangepin,ditanggapin
423,ditanggepin,ditanggapin
424,ditangkep,ditangkap
425,ditangkepinnya,ditangkapinnya
426,ditangkepinya,ditangkapinnya
427,ditangung,ditanggung
428,ditaro,ditaruh
429,ditarok,ditaruh
430,ditelen,ditelan
431,ditemeni,ditemani
432,ditemenin,ditemani
433,diteraktir,ditraktir
434,ditingal,ditinggal
435,ditingali,ditinggali
436,ditingikan,ditinggikan
437,ditkarkan,ditukarkan
438,ditlp,ditelepon
439,ditmpt,di tempat
440,ditngah,ditengah
441,ditngguin,ditungguin
442,ditnguin,ditunggu
443,ditnjkn,ditunjukkan
444,ditoko,di toko
445,ditrakter,ditraktir
446,ditrotoar,di trotoar
447,ditugu,di tugu
448,dituker,ditukar
449,ditukoke,dibelikan
450,ditukokno,dibelikan
451,ditumbasne,dibelikan
452,ditumpaki,dinaiki
453,diTunas,di tunas
454,ditunggu2,ditunggu-tunggu
455,ditungu,ditunggu
456,ditungu2,ditunggu-tunggu
457,ditunguin,ditunggu
458,ditunjukan,ditunjukkan
459,ditunjukin,ditunjukkan
460,diturunkn,diturunkan
461,diwarnet,di warnet
462,diweekend,di akhir pekan
463,diwolak,dibalik
464,djagain,dijaga
465,djemput,dijemput
466,dJkt,di Jakarta
467,djln,di jalan
468,dkasih,dikasih
469,dkat,dekat
470,dkatkan,dekatkan
471,dket,dekat
472,dketan,dekat
473,dkit,sedikit
474,dkk,dan kawan-kawan
475,dklinikk,di klinik
476,dkluarin,dikeluarkan
477,dkmps,di kampus
478,dkomplain,dikomplain
479,dksh,dikasih
480,dkt,dekat
481,dkung,dukung
482,dl,dulu
483,dlakukan,dilakukan
484,dlakukn,dilakukan
485,dlam,dalam
486,dlanjutin,dilanjutkan
487,dliat,dilihat
488,dliburkan,diliburkan
489,dll,dan lain-lain
490,dlm,dalam
491,dlnjutin,dilanjutkan
492,dlu,dulu
493,dluan,duluan
494,dmainkan,dimainkan
495,dmakan,dimakan
496,dmam,demam
497,dmamX,demamnya
498,dman,dimana
499,dmana,dimana
500,dminta,diminta
501,dmn,dimana
502,dmna,dimana
503,dmna2,dimana-mana
504,dmnanya,dimananya
505,dmnnya,dimananya
506,dmno,dimana
507,dmnt,diminta
508,dmnya,dimananya
509,dmobil,di mobil
510,dmonas,di monas
511,dmtr,di motor
512,dn,dan
513,dng,dengan
514,dngan,dengan
515,dnger,dengar
516,dnger2,denga-dengar
517,dngerin,dengarkan
518,dnggo,dipakai
519,dngin,dingin
520,dnginan,dinginan
521,dngn,dengan
522,doain,doakan
523,doane,doanya
524,doang,saja
525,doank,saja
526,dolali,pada lupa
527,dolan,bermain
528,donload,unduh
529,donlod,unduh
530,donlot,unduh
531,dont,jangan
532,dpat,dapat
533,dpatkan,dapatkan
534,dpet,dapat
535,dpn,depan
536,dpstikn,dipastikan
537,dpt,dapat
538,dr,dari
539,dri,dari
540,dripada,daripada
541,dripd,daripada
542,drmh,di rumah
543,drmn,darimana
544,drpd,daripada
545,drtd,daritadi
546,dsana,disana
547,dsar,dasar
548,dsb,dan sebagainya
549,dsini,disini
550,dsitu,disitu
551,dskolah,di sekolah
552,dsktr,di sekitar
553,dsmber,desember
554,dsna,disana
555,dsni,disini
556,dsno,disana
557,dsruh,disuruh
558,dst,dan seterusnya
559,dtang,datang
560,dteng,datang
561,dtg,datang
562,dtgin,datangin
563,dturunkn,diturunkan
564,duitna,duitnya
565,during,selama
566,duwe,punya
567,duwit,duit
568,dy,dia
569,elo,kamu
570,elu,kamu
571,emg,emang
572,emng,emang
573,emoh,tidak mau
574,endiri,sendiri
575,endonesa,Indonesia
576,enelaan,beneran
577,engak,tidak
578,engga,tidak
579,enggk,tidak
580,engk,tidak
581,enk,enak
582,enough,cukup
583,entar,nanti
584,enteng,ringan
585,enyak,enak
586,etc,dan lain-lain
587,event,acara
588,every,setiap
589,everybody,semua orang
590,everything,segala sesuatu
591,everywhere,dimanapun
592,ex,contoh
593,excelent,bagus
594,exit,keluar
595,face,muka
596,fact,fakta
597,failed,gagal
598,father,ayah
599,fee,biaya
600,ferari,ferrari
601,filem,film
602,finally,akhirnya
603,focus,fokus
604,folback,follow back
605,folbacknya,follow back nya
606,folbc,follow back
607,folbcak,follow back
608,folbek,follow back
609,folbeknya,follow back nya
610,follback,follow back
611,follbacknya,follow back nya
612,follbc,follow back
613,follo,follow
614,followbak,follow back
615,folo,follow
616,folow,follow
617,folowback,follow back
618,folowbak,follow back
619,folowbcak,follow back
620,football,sepak bola
621,for,untuk
622,forged,lupa
623,forget,lupa
624,forgot,lupa
625,foto2,foto-foto
626,friday,jumat
627,friend,teman
628,frofil,profil
629,from,dari
630,function,fungsi
631,funny,lucu
632,funtion,fungsi
633,funy,lucu
634,g,tidak
635,ga,tidak
636,gaada,tidak ada
637,gaakan,tidak akan
638,gaasik,tidak asik
639,gabakal,tak akan
640,gabareng,tidak bareng
641,gabebas,tidak bebas
642,gabeda,tidak beda
643,gaberani,tidak berani
644,gabilang,tidak bilang
645,gabisa,tidak bisa
646,gabole,tidak boleh
647,gaboleh,tidak boleh
648,gabosen,tidak bosen
649,gabs,tidak bisa
650,gad,tidak ada
651,gada,tidak ada
652,gadaiin,gadaikan
653,Gadapet,tidak dapat
654,gadein,gadaikan
655,gadeket,tidak dekat
656,gadiajak,tidak diajak
657,gadibales,tidak dibalas
658,gae,membuat
659,gaean,pekerjaan
660,gaenak,tidak enak
661,gaene,biasanya
662,gag,tidak
663,gahoel,gaul
664,gahol,gaul
665,gaikut,tidak ikut
666,gaikutaaan,tidak ikutan
667,gaikutan,tidak ikutan
668,gaiso,tidak bisa
669,gajadi,tidak jadi
670,gajalan,tidak jalan
671,gajanji,tidak janji
672,gajauh,tidak jauh
673,Gajd,tidak jadi
674,Gaje,tidak jelas
675,gajelas,tidak jelas
676,gajenguk,tidak menjenguk
677,gak,tidak
678,gakada,tidak ada
679,Gakan,tidak akan
680,gakbilang,tidak bilang
681,gakbisa,tidak bisa
682,gakdeh,tidak deh
683,gakenak,tidak enak
684,gakjadi,tidak jadi
685,gakmau,tidak mau
686,gakpapa,tidak apa-apa
687,gakpenting,tidak penting
688,gakpernah,tidak pernah
689,gaksabar,tidak sabar
690,gaksemua,tidak semua
691,gaksih,tidak sih
692,gaktau,tidak tau
693,gaktuh,tidah tuh
694,gamain,tidak main
695,gamales,tidak malas
696,gamao,tidak mau
697,gamasuk,tidak masuk
698,gamau,tidak mau
699,gamsk,tidak masuk
700,gamuat,tidak muat
701,gamungkin,tidak mungkin
702,gan,juragan
703,gangajak,tidak mengajak
704,Gangerti,tidak mengerti
705,ganguin,gangguin
706,gantiin,gantikan
707,gantinen,ganti saja
708,gaosah,tidak usah
709,gapada,tidak pada
710,gapaham,tidak paham
711,gapake,tidak pakai
712,gapapa,tidak apa-apa
713,gapercaya,tidak percaya
714,gaperlu,tidak perlu
715,gapernah,tidak pernah
716,gapo,tidak apa-apa
717,gaptek,gagap teknologi
718,gapulang,tidak pulang
719,gara2,gara-gara
720,gasabar,tidak sabar
721,gasalah,tidak salah
722,gasanggup,tidak sanggup
723,gasecerah,tidak secerah
724,gasedingin,tidak sedingin
725,gasekeras,tidak sekeras
726,gaseru,tidak seru
727,gasia2,tidak sia-sia
728,gasih,tidak sih
729,gasik,datang lebih awal
730,gasuka,tidak suka
731,gatau,tidak tau
732,gatel,gatal
733,gathel,gatal
734,gatuh,tidak tuh
735,Gausa,tidak usah
736,gausah,tidak usah
737,gaush,tidak usah
738,gawake,bawakan
739,gawakne,bawakan
740,gayalu,gayamu
741,gbawa,tidak bawa
742,gbk,Gelora Bung Karno
743,gblg,tidak bilang
744,gblk,tidak balik
745,gbs,tidak bisa
746,gbsa,tidak bisa
747,gda,tidak ada
748,gebetan,pasangan
749,gebetn,pasangan
750,geblek,bodoh
751,gede,besar
752,gedenya,besarnya
753,gedhe2an,besar-besaran
754,gelem,bersedia
755,gelo,gila
756,gendeng,bodoh
757,gendheng,bodoh
758,gendud,gemuk
759,geto,begitu
760,getoh,begitu
761,gg,tidak
762,gilak,gila
763,gile,gila
764,gimana,bagaimana
765,gimane,bagaimana
766,gimna,bagaimana
767,gini,begini
768,gitu,begitu
769,gituan,begituan
770,gituh,begitu
771,gjd,tidak jadi
772,gjdi,tidak jadi
773,gjls,tidak jelas
774,gjnji,tidak janji
775,gk,tidak
776,gmbr,gambar
777,gmn,bagaimana
778,gmna,bagaimana
779,gmne,bagaimana
780,gnti,ganti
781,goceng,lima ribu
782,godan,godaan
783,good luck,semoga berhasil
784,goodmorning,selamat pagi
785,goro2,gara-gara
786,gpl,tidak pakai lama
787,gpp,tidak-apa-apa
788,gpplah,tidak apa-apalah
789,gr2,gara-gara
790,gra,gara-gara
791,grade,tingkat
792,gt,begitu
793,gtu,begitu
794,gtw,tidak tau
795,gua,saya
796,gue,saya
797,gueh,saya
798,guweh,saya
799,gw,saya
800,gwe,saya
801,gx,tidak
802,gy,sedang
803,hany,hanya
804,hape,hp
805,hapi,senang
806,happy,senang
807,happybday,selamat ulang tahun
808,hareem,perempuan
809,harg,harga
810,hargnya,harganya
811,hargonyo,harganya
812,hasek,asyik
813,hawong,lhawong
814,hbd,selamat ulang tahun
815,hbs,habis
816,hdiah,hadiah
817,hdiahnya,hadiahnya
818,hdirkan,hadirkan
819,hdp,hidup
820,hdpn,hadapan
821,hdup,hidup
822,heng,error
823,hidp,hidup
824,hidpmu,hidupmu
825,hinga,hingga
826,hmpas,hempas
827,hmpir,hampir
828,hntu,hantu
829,hny,hanya
830,hnya,hanya
831,Hoam,ngantuk
832,honest,jujur
833,hr,hari
834,hrapan,harapan
835,hrg,harga
836,hrga,harga
837,hrgnya,harganya
838,hri,hari
839,hrs,harus
840,hrsnya,harusnya
841,hrus,harus
842,hrz,harus
843,hsil,hasil
844,hsl,hasil
845,htelnya,hotelnya
846,htiku,hatiku
847,hub,hubungi
848,hungry,lapar
849,ibdah,ibadah
850,idung,hidung
851,ijin,izin
852,ijo,hijau
853,iki,ini
854,ikt,ikut
855,iktan,ikutan
856,iktn,ikutan
857,ikud,ikut
858,ilang,hilang
859,img,gambar
860,inbox,kotak masuk
861,inceran,incaran
862,include,termasuk
863,indh,indah
864,indo,indonesia
865,info,informasi
866,infonya,informasinya
867,information,informasi
868,informkan,informasikan
869,infox,informasinya
870,inget,ingat
871,inginya,inginnya
872,ingt,ingat
873,ingtn,ingatan
874,inovation,inovasi
875,inpo,informasi
876,inpoh,informasi
877,insaallah,insyaAllah
878,insyaa,insyaAllah
879,insyaaloh,insyaAllah
880,insyah,insyaAllah
881,insyalah,insyaAllah
882,intrnet,internet
883,invit,mengajak
884,invite,mengajak
885,invte,mengajak
886,io,iya
887,ireng,hitam
888,iseh,masih
889,isih,masih
890,isin,malu
891,isine,isinya
892,iso,bisa
893,isteri,istri
894,istrht,istirahat
895,isuk,pagi
896,itung,hitung
897,iy,iya
898,iyadah,iya dah
899,iyadeh,iya dah
900,iyadong,iya dong
901,iyadund,iya dong
902,iyah,iya
903,iyanih,iya nih
904,iyasih,iya sih
905,iyaw,iya
906,iye,iya
907,iyedah,iya dah
908,iyelah,iyalah
909,iyeu,iya
910,iyh,iya
911,iyo,iya
912,iyosih,iya sih
913,iyuh,iya
914,iyuwh,iya
915,j,saja
916,ja,saja
917,jabar,Jawa Barat
918,jadina,jadinya
919,jadinye,jadinya
920,jadul,jaman dulu
921,jadwalnye,jadwalnya
922,jahate,jahatnya
923,jakpus,Jakarta Pusat
924,jakrta,Jakarta
925,jaksel,Jakarta Selatan
926,jaktim,Jakarta Timur
927,jalan2,jalan-jalan
928,jalankn,jalankan
929,jalanya,jalannya
930,jamanna,jamannya
931,jamanny,jamannya
932,jamany,jamannya
933,jamanya,jamannya
934,jamanye,jamannya
935,jangn,jangan
936,japan,jepang
937,jare,kata
938,jaringanx,jaringannya
939,jaringn,jaringan
940,jateng,Jawa Tengah
941,jatoh,jatuh
942,jaz,jazz
943,jd,jadi
944,jdi,jadi
945,jdian,jadian
946,jenenge,namanya
947,jenengi,beri nama
948,jep,jeep
949,jg,juga
950,jga,juga
951,jgja,jogja
952,jgn,jangan
953,jgn2,jangan-jangan
954,jgnkan,jangankan
955,jht,jahat
956,jjur,jujur
957,jk,jika
958,jkrt,Jakarta
959,jkrta,Jakarta
960,jkt,Jakarta
961,jl,jalan
962,jlan2,jalan-jalan
963,jlas,jelas
964,jln,jalan
965,jln2,jalan-jalan
966,jls,jelas
967,jmbatan,jembatan
968,jmbtan,jembatan
969,jmin,jamin
970,jmlh,jumlah
971,jmn,jaman
972,jmpa,jumpa
973,jmpe,jumpa
974,jmpt,jemput
975,jmptnya,jemputnya
976,jo,jangan
977,jobseeker,pencari kerja
978,jri,jari
979,jringan,jaringan
980,jringn,jaringan
981,jrngn,jaringan
982,jtuh,jatuh
983,jua,juga
984,jug,juga
985,jugaj,juga
986,jugak,juga
987,jugo,juga
988,jwb,jawab
989,jwban,jawaban
990,jwbanny,jawabannya
991,jwbannya,jawabannya
992,jwbany,jawabannya
993,kabare,kabarnya
994,kabeh,semua
995,kacian,kasihan
996,kadieu,kesini
997,kaditu,kesitu
998,kaga,tidak
999,kagak,tidak
1000,kagk,tidak
1001,kakean,kebanyakan
1002,kale,kali
1003,kalo,kalau
1004,kalu,kalau
1005,kapn,kapan
1006,kapolres,Kepala Kepolisian Resor
1007,karepmu,terserah kamu
1008,karna,karena
1009,karo,sama
1010,kaseep,ganteng
1011,kasi,kasih
1012,kasian,kasihan
1013,kata2,kata-kata
1014,kata2nya,kata-katanya
1015,katane,katanya
1016,katany,katanya
1017,kayak,seperti
1018,kbagusan,kebagusan
1019,kbar,kabar
1020,kbare,kabarnya
1021,kbarin,kabari
1022,kbeh,semua
1023,kbeli,terbeli
1024,kberngktn,keberangkatan
1025,kbhagiaan,kebahagiaan
1026,kbhagian,kebahagiaan
1027,kbr,kabar
1028,kbrin,kabari
1029,kbrnya,kabarnya
1030,kbtulan,kebetulan
1031,kbuka,terbuka
1032,kbun,kebun
1033,kcepatn,kecepatan
1034,kcil,kecil
1035,kcintaan,kecintaan
1036,kcintan,kecintaan
1037,kclakaan,kecelakaan
1038,kclakan,kecelakaan
1039,kcmata,kacamata
1040,kdepannya,kedepannya
1041,kdepanya,kedepannya
1042,kdg,terkadang
1043,kdg2,kadang-kadang
1044,kditu,kesitu
1045,kdlm,kedalam
1046,kdpan,kedepan
1047,kebeli,terbeli
1048,kebengkel,ke bengkel
1049,kebersamanya,kebersamaannya
1050,kebersehan,kebersihan
1051,kebnykn,kebanyakan
1052,kebo,kerbau
1053,kebrngkatan,keberangkatan
1054,kebudayan,kebudayaan
1055,kebulan,ke bulan
1056,kebumi,ke bumi
1057,kebut2an,kebut-kebutan
1058,kebwah,kebawah
1059,kecawa,kecewa
1060,kece,gaul
1061,kecel,capek
1062,kecelakaanya,kecelakaannya
1063,kecelakan,kecelakaan
1064,kecelakanya,kecelakaannya
1065,kecengan,pasangan
1066,kecepean,kecapean
1067,kecepetan,terlalu cepat
1068,kecerian,keceriaan
1069,kecian,kasihan
1070,kecimanggis,ke cimanggis
1071,kecimangis,ke cimanggis
1072,kecipondoh,ke cipondoh
1073,kedaerah,ke daerah
1074,kedatanganya,kedatangannya
1075,kedatengan,kedatangan
1076,kedawan,terlalu panjang
1077,kedeketan,terlalu dekat
1078,kedengeran,kedengaran
1079,kedpn,kedepan
1080,kedpnnya,kedepannya
1081,kedpnya,kedepannya
1082,kedtngan,kedatangan
1083,kedufan,ke dufan
1084,keenaken,keenakan
1085,kegedean,terlalu besar
1086,kegeden,terlalu besar
1087,kegembiran,kegembiraan
1088,kehadiranny,kehadirannya
1089,kehulu,ke hulu
1090,kehutan,ke hutan
1091,keidahan,keindahan
1092,keiklasan,keikhlasan
1093,keilangan,kehilangan
1094,keinget,teringat
1095,keinginanya,keinginannya
1096,keistimewan,keistimewaan
1097,keitung,terhitung
1098,kejadia,kejadian
1099,kejakarta,ke Jakarta
1100,kejar2an,kejar-kejaran
1101,kejauan,kejauhan
1102,kejayan,kejayaan
1103,kejepit,terjepit
1104,kejual,terjual
1105,kejuaran,kejuaraan
1106,kek,seperti
1107,kekalemanya,kekalemannya
1108,kekamar,ke kamar
1109,kekampus,ke kampus
1110,kekandang,ke kandang
1111,kekasur,ke kasur
1112,kekecewan,kekecewaan
1113,kekemayoran,ke kemayoran
1114,kekmana,bagaimana
1115,keknya,kayaknya
1116,kekontrakan,ke kontrakan
1117,kekos,ke kos
1118,kekosanku,ke kosanku
1119,kekota,ke kota
1120,kekuasan,kekuasaan
1121,kekumpul,terkumpul
1122,kekunci,terkunci
1123,kekuranganya,kekurangannya
1124,kekuras,terkuras
1125,kelakon,terlaksana
1126,kelaperan,kelaparan
1127,kelaut,ke laut
1128,keleta,kereta
1129,keliatan,kelihatan
1130,keliatannya,kelihatannya
1131,keliatanya,kelihatannya
1132,kelihatanya,kelihatannya
1133,kelindas,terlindas
1134,kelindes,terlindas
1135,kelja,kerja
1136,kelokasi,ke lokasi
1137,keluarin,keluarkan
1138,kemana2,kemana-mana
1139,kemarahanya,kemarahannya
1140,kembaranya,kembarannya
1141,kembgnkan,kembangkan
1142,kemendiknas,Kementerian Pendidikan Nasional
1143,kemenkes,Kementerian Kesehatan
1144,kemenkeu,Kementerian Keuangan
1145,kemenkominfo,Kementerian Komunikasi dan Informatika
1146,kemenkumham,Kementerian Hukum dan Hak Asasi Manusia
1147,kemenong,kemana
1148,kemenpera,Kementerian Perumahan Rakyat
1149,kemenperin,Kementerian Perindustrian
1150,kementrian,Kementerian
1151,kemerdekan,kemerdekaan
1152,kemis,kamis
1153,kemonas,ke monas
1154,kemrin,kemarin
1155,kemulyaan,kemuliaan
1156,kemulyan,kemuliaan
1157,kemusium,ke museum
1158,kenalin,kenalkan
1159,kenang2an,kenang-kenangan
1160,kenang2ngan,kenang-kenangan
1161,kenanganya,kenangannya
1162,kenapah,kenapa
1163,kenapasi,kenapa ya
1164,kenape,kenapa
1165,kenceng,cepat
1166,kendaran,kendaraan
1167,kendaranya,kendaraannya
1168,kenderaan,kendaraan
1169,keno,kena
1170,kenp,kenapa
1171,kenpa,kenapa
1172,kenyatan,kenyataan
1173,kenyatanya,kenyataannya
1174,kepake,terpakai
1175,kepalanye,kepalanya
1176,kepangang,terpanggang
1177,kepanggang,terpanggang
1178,kepantai,ke pantai
1179,kepantainya,ke pantainya
1180,keparis,ke paris
1181,kepasar,ke pasar
1182,kepastianya,kepastiannya
1183,kepencar,terpencar
1184,kepencet,terpencet
1185,kepengen,ingin
1186,kepengenya,keinginannya
1187,kepengin,ingin
1188,kepercayan,kepercayaan
1189,kepercayanya,kepercayaannya
1190,kepilih,terpilih
1191,kepincut,terpincut
1192,kepinteran,kepintaran
1193,keponakanya,keponakannya
1194,kepotong,terpotong
1195,keprcayaan,kepercayaan
1196,keprcayan,kepercayaan
1197,kepribadianya,kepribadiannya
1198,kepsek,kepala sekolah
1199,kepulau,ke pulau
1200,kepuncak,ke puncak
1201,keputar,terputar
1202,keputusanya,keputusannya
1203,keragunan,ke ragunan
1204,kerajan,kerajaan
1205,keras2,keras-keras
1206,kerasa,terasa
1207,kerdus,kardus
1208,kere,miskin
1209,kering2,kering-kering
1210,keringet,keringat
1211,kerj,kerja
1212,kerjain,kerjakan
1213,kerjan,pekerjaan
1214,kerumah,ke rumah
1215,kesabaranya,kesabarannya
1216,kesalahane,kesalahannya
1217,kesalon,ke salon
1218,kesampean,kesampaian
1219,kesampeng,ke samping
1220,kesane,kesannya
1221,kesangkut,tersangkut
1222,kesanya,kesannya
1223,kesasar,tersasar
1224,kesawah,ke sawah
1225,kesayanganya,kesayangannya
1226,kesederhanan,kesederhanaan
1227,kesedian,kesediaan
1228,kesedianya,kesediaannya
1229,kesekolah,ke sekolah
1230,keselip,terselip
1231,kesetian,kesetiaan
1232,kesetianmu,kesetiaanmu
1233,kesetianya,kesetiaannya
1234,kesian,kasihan
1235,kesklh,ke sekolah
1236,kesmpean,kesampaian
1237,kesna,kesana
1238,kesni,kesini
1239,kesno,kesana
1240,kesodara,ke saudara
1241,kesokalh,ke sekolah
1242,kesono,kesana
1243,kesukan,kesukaan
1244,ket,keterangan
1245,ketabrak,tertabrak
1246,ketagih,tertagih
1247,ketarik,tertarik
1248,ketawa,tertawa
1249,ketawa2,ketawa-tawa
1250,ketentuanya,ketentuannya
1251,keterpurulanya,keterpurukannya
1252,ketiban,tertimpa
1253,ketidaknyamananya,ketidaknyamanannya
1254,ketidung,ke tidung
1255,ketike,ketika
1256,ketimpa,tertimpa
1257,ketingalan,ketinggalan
1258,ketok,terlihat
1259,ketoke,sepertinya
1260,ketrangan,keterangan
1261,ketrngan,keterangan
1262,ketuan,ketuaan
1263,ketuker,ketukar
1264,ketutup,tertutup
1265,keungulan,keunggulan
1266,keungulanya,keunggulannya
1267,kewarganegaran,kewarganegaraan
1268,kewarnet,ke warung internet
1269,keyword,kata kunci
1270,kga,tidak
1271,kgak,tidak
1272,kgk,tidak
1273,kgn,kangen
1274,khayalany,khayalannya
1275,khilap,khilaf
1276,khs,khas
1277,kie,ini
1278,kira2,kira-kira
1279,kiyai,kyai
1280,kjadian,kejadian
1281,kjauhan,kejauhan
1282,kjauhn,kejauhan
1283,klah,kalah
1284,klaksonya,klaksonnya
1285,klangan,kalangan
1286,klapa,kelapa
1287,klebihan,kelebihan
1288,klekson,klakson
1289,klh,kalah
1290,kliahatan,kelihatan
1291,klian,kalian
1292,kliatan,kelihatan
1293,kliatanya,kelihatannya
1294,kliatn,kelihatan
1295,klien2,klien-klien
1296,kliling,keliling
1297,klima,kelima
1298,klmpok,kelompok
1299,klo,kalau
1300,klow,kalau
1301,klrg,keluarga
1302,kls,kelas
1303,klu,kalau
1304,kluar,keluar
1305,kluaran,keluaran
1306,kluarga,keluarga
1307,kluargo,keluarga
1308,kluarin,keluarkan
1309,kluarkan,keluarkan
1310,klulusan,kelulusan
1311,klw,kalau
1312,klytn,kelihatan
1313,klz,kelas
1314,km,kamu
1315,kmaha,bagaimana
1316,kmaleman,kemalaman
1317,kmana,kemana
1318,kmane,kemana
1319,kmar,kamar
1320,kmaren,kemarin
1321,kmari,kemari
1322,kmarin,kemarin
1323,kmbali,kembali
1324,kmbaranya,kembarannya
1325,kmbl,kembali
1326,kmbli,kembali
1327,kmbuh,kambuh
1328,kmi,kami
1329,kmis,kamis
1330,kmn,kemana
1331,kmna,kemana
1332,kmna2,kemana-mana
1333,kmonas,ke monas
1334,kmpl,kumpul
1335,kmplin,kumpulkan
1336,kmpnye,kampanye
1337,kmpul,kumpul
1338,kmpung,kampung
1339,kmpus,kampus
1340,kmr,kamar
1341,kmren,kemarin
1342,kmri,kemari
1343,kmrin,kemarin
1344,kmrmandi,kamar mandi
1345,kmrn,kemarin
1346,kms,kamis
1347,kmu,kamu
1348,kmunya,kamunya
1349,kn,kan
1350,kna,kena
1351,knal,kenal
1352,knan,kanan
1353,knapa,kenapa
1354,knape,kenapa
1355,knci,kunci
1356,kndala,kendala
1357,kndaraan,kendaraan
1358,kndaran,kendaraan
1359,kndisi,kondisi
1360,kndla,kendala
1361,knfrmsi,konfirmasi
1362,kngen,kangen
1363,knggo,untuk
1364,kngn,kangen
1365,kngo,untuk
1366,kni,kini
1367,knjungi,kunjungi
1368,knl,kenal
1369,knp,kenapa
1370,knp2,kenapa-kenapa
1371,knpa,kenapa
1372,knpah,kenapa
1373,kntor,kantor
1374,kntr,kantor
1375,knyataan,kenyataan
1376,knyatan,kenyataan
1377,knytaanya,kenyataannya
1378,knytanya,kenyataannya
1379,kominfo,Komunikasi dan Informatika
1380,komnas,komisi nasional
1381,komplk,komplek
1382,konsumenya,konsumennya
1383,kontrakanya,kontrakannya
1384,koordinasikn,koordinasikan
1385,kordinasi,koordinasi
1386,kordinasikn,koordinasikan
1387,kordinat,koordinat
1388,kosanya,kosannya
1389,kosongin,kosongkan
1390,kost,kos
1391,kotabgr,kota bogor
1392,kowe,kamu
1393,koyo,seperti
1394,kpada,kepada
1395,kpala,kepala
1396,kpalaku,kepalaku
1397,kpan,kapan
1398,kpantai,ke pantai
1399,kpd,kepada
1400,kpengen,ingin
1401,kpercyaan,kepercayaan
1402,kpercyan,kepercayaan
1403,kpleset,terpleset
1404,kpn,kapan
1405,kpn2,kapan-kapan
1406,kpotong,terpotong
1407,kprluan,keperluan
1408,kputusan,keputusan
1409,kq,kok
1410,kra2,kira-kira
1411,krajinan,kerajinan
1412,kranjang,keranjang
1413,kreatifitas,kreativitas
1414,kreatip,kreatif
1415,kren,keren
1416,kreta,kereta
1417,krg,kurang
1418,krj,kerja
1419,krja,kerja
1420,krjo,kerja
1421,krm,kirim
1422,krmh,kerumah
1423,krn,karena
1424,krna,karena
1425,kro,sama
1426,krt,kartu
1427,krtik,kritik
1428,krtu,kartu
1429,krtunya,kartunya
1430,krudung,kerudung
1431,ksampean,kesampaian
1432,ksana,kesana
1433,ksedot,tersedot
1434,ksel,kesal
1435,ksetrum,tersetrum
1436,ksh,kasih
1437,ksian,kasihan
1438,ksiang,kesiangan
1439,ksiangan,kesiangan
1440,ksianny,kasihannya
1441,ksiannya,kasihannya
1442,ksiany,kasihannya
1443,ksianya,kasihannya
1444,ksih,kasih
1445,ksihan,kasihan
1446,ksini,kesini
1447,ksitu,kesitu
1448,kskolah,ke sekolah
1449,ksn,kesana
1450,ksna,kesana
1451,ksni,kesini
1452,ksno,kesana
1453,ksono,kesana
1454,kstu,kesitu
1455,ksukaan,kesukaan
1456,ksukan,kesukaan
1457,kt,kita
1458,kta,kata
1459,ktany,katanya
1460,ktanya,katanya
1461,ktawa2,ketawa-tawa
1462,ktemu,ketemu
1463,ktika,ketika
1464,ktimbang,daripada
1465,ktingalan,ketinggalan
1466,ktinggalan,ketinggalan
1467,ktinggian,ketinggian
1468,ktingian,ketinggian
1469,ktk,ketika
1470,ktka,ketika
1471,ktm,ketemu
1472,ktmpt,ketempat
1473,ktmu,ketemu
1474,ktmuan,ketemuan
1475,ktng,ketinggalan
1476,ktny,katanya
1477,ktnya,katanya
1478,ktor,kotor
1479,ktusuk,tertusuk
1480,kuangen,kangen
1481,kubawain,kubawakan
1482,kumaha,bagaimana
1483,kumplit,komplit
1484,kumpul2,kumpul-kumpul
1485,kumpulin,kumpulkan
1486,kunaon,kenapa
1487,kunjunganya,kunjungannya
1488,kunjungin,kunjungi
1489,kupayakan,kuupayakan
1490,kuper,kurang pergaulan
1491,kura2,kura-kura
1492,kurangin,kurangi
1493,kw,kau
1494,ky,seperti
1495,kya,seperti
1496,kyak,seperti
1497,kyaknya,sepertinya
1498,kyakx,sepertinya
1499,kyamanan,kenyamanan
1500,kyanya,sepertinya
1501,kyk,seperti
1502,kyke,sepertinya
1503,kyknya,sepertinya
1504,kykx,sepertinya
1505,kyky,sepertinya
1506,kyny,sepertinya
1507,kynya,sepertinya
1508,laba2,laba-laba
1509,laen,lain
1510,lainny,lainnya
1511,lainx,lainnya
1512,lainy,lainnya
1513,lainya,lainnya
1514,laki2,laki-laki
1515,lamo,lama
1516,lancar2,lancar-lancar
1517,lanjt,lanjut
1518,lansia,lanjut usia
1519,lapanganya,lapangannya
1520,laper,lapar
1521,laporanya,laporannya
1522,laporin,laporkan
1523,lathan,latihan
1524,latian,latihan
1525,latiannya,latihannya
1526,latianya,latihannya
1527,latihanya,latihannya
1528,lau,kau
1529,lautnye,lautnya
1530,lawanya,lawannya
1531,lawanye,lawannya
1532,lbang,lubang
1533,lbh,lebih
1534,lbih,lebih
1535,lbr,libur
1536,lbran,liburan
1537,lbrn,liburan
1538,lbur,libur
1539,lburan,liburan
1540,ldr,hubungan jarak jauh
1541,lengkapin,lengkapi
1542,lepasin,lepaskan
1543,letkol,letnan kolonel
1544,lg,lagi
1545,lgi,lagi
1546,lgsg,langsung
1547,lgsng,langsung
1548,lgsung,langsung
1549,lgu,lagu
1550,lgy,lagi
1551,lht,lihat
1552,liad,lihat
1553,liat,lihat
1554,liat2,lihat-lihat
1555,liatany,kelihatannya
1556,liatin,lihatin
1557,liatny,lihatnya
1558,liatnya,lihatnya
1559,liatnye,lihatnya
1560,liburin,liburkan
1561,lifestyle,gaya hidup
1562,link,tautan
1563,lipet,lipat
1564,lipi,Lembaga Ilmu Pengetahuan Indonesia
1565,lipstick,lipstik
1566,list,daftar
1567,living,tinggal
1568,lju,laju
1569,lkukn,lakukan
1570,lma,lama
1571,lma2,lama-lama
1572,lmak,lemak
1573,lmbr,lembar
1574,lmbt,lambat
1575,lmpu,lampu
1576,lmyan,lumayan
1577,lmyn,lumayan
1578,lncr,lancar
1579,lnganan,langganan
1580,lngganan,langganan
1581,lngkap,lengkap
1582,lngkp,lengkap
1583,lngsg,langsung
1584,lngsng,langsung
1585,lngsung,langsung
1586,lnjt,lanjut
1587,lnjut,lanjut
1588,lnjutnya,lanjutnya
1589,lntai,lantai
1590,lo,kamu
1591,local,lokal
1592,location,lokasi
1593,loe,kamu
1594,lokasiny,lokasinya
1595,lol,tertawa
1596,lom,belum
1597,loncat2,loncat-loncat
1598,longdistance,jarak jauh
1599,longweekend,liburan panjang akhir pekan
1600,longwekend,liburan panjang akhir pekan
1601,longwiken,liburan panjang akhir pekan
1602,looser,pecundang
1603,lowbet,baterai lemah
1604,lp,lupa
1605,lpa,lupa
1606,lpangan,lapangan
1607,lpas,lepas
1608,lt,lantai
1609,lu,kamu
1610,luh,kamu
1611,luhkan,kamu kan
1612,luka2,luka-luka
1613,lupain,lupakan
1614,lupe,lupa
1615,lw,kamu
1616,lwat,lewat
1617,lwn,lawan
1618,lwt,lewat
1619,lyt,lihat
1620,m0nas,monas
1621,m4ndiri,mandiri
1622,ma,sama
1623,ma2h,mamah
1624,ma2mu,mamahmu
1625,maav,maaf
1626,mabelasribu,lima belas ribu
1627,macacih,terimakasih
1628,macam2,macam-macam
1629,macem2,macam-macam
1630,macetnyo,macetnya
1631,maen,main
1632,maenan,mainan
1633,maenannya,mainannya
1634,maenannye,mainannya
1635,maenanya,mainannya
1636,maenanye,mainannya
1637,maenin,mainkan
1638,maenya,mainnya
1639,maf,maaf
1640,mafin,maafkan
1641,mafkan,maafkan
1642,mahal2,mahal-mahal
1643,main2,main-main
1644,mainy,mainnya
1645,mainya,mainnya
1646,makaci,terimakasih
1647,makai,memakai
1648,makanye,makanya
1649,makaseh,terimakasih
1650,makasih,terimakasih
1651,makasiy,terimakasih
1652,make,memakai
1653,makin2,makin-makin
1654,maksih,terimakasih
1655,maksude,maksudnya
1656,maksudnye,maksudnya
1657,maksudx,maksudnya
1658,maksut,maksud
1659,maksutnya,maksudnya
1660,mal,mall
1661,malam2,malam-malam
1662,maleh,lagi
1663,malem,malam
1664,males,malas
1665,malming,malam minggu
1666,malu2in,malu-maluin
1667,mamany,mamahnya
1668,mananye,mananya
1669,mane,mana
1670,mane2,mana-mana
1671,maneh,lagi
1672,manfaatin,manfaatkan
1673,manfat,manfaat
1674,manfatin,manfaatkan
1675,manfatkan,manfaatkan
1676,mangaku,mengaku
1677,mangane,makannya
1678,manggil2,manggil-manggil
1679,manggl,manggil
1680,mangil,manggil
1681,mangil2,manggil-manggil
1682,mangis,manggis
1683,mangkane,makanya
1684,mangkanya,makanya
1685,mangkanye,makanya
1686,mangku,memangku
1687,mangl,manggil
1688,mangnya,memangnya
1689,mangung,manggung
1690,mangungnya,manggungnya
1691,maning,lagi
1692,manis2,manis-manis
1693,manjain,manjakan
1694,mantab,mantap
1695,mantabh,mantap
1696,mantabp,mantap
1697,mantabs,mantap
1698,mantaf,mantap
1699,mantaps,mantap
1700,mantapz,mantap
1701,manteb,mantap
1702,mantebp,mantap
1703,mantemand,teman-teman
1704,mantep,mantap
1705,manteub,mantap
1706,manthap,mantap
1707,manusia2,manusia-manusia
1708,manut,ngikut
1709,manutd,ngikut
1710,mao,mau
1711,maonya,maunya
1712,map,maaf
1713,map2,maaf-maaf
1714,mapin,maafkan
1715,marah2,marah-marah
1716,marang,kepada
1717,maren,kemarin
1718,married,menikah
1719,masal,massal
1720,masalahny,masalahnya
1721,masalh,masalah
1722,masama,sama-sama
1723,masang,memasang
1724,mash,masih
1725,masi,masih
1726,masing2,masing-masing
1727,masjed,masjid
1728,mastiin,memastikan
1729,mastikn,memastikan
1730,mastin,memastikan
1731,masya,masyaAllah
1732,MasyaAlah,masyaAllah
1733,masyalah,masyaAllah
1734,mateng,matang
1735,matiin,matikan
1736,matikn,matikan
1737,matin,matikan
1738,maunye,maunya
1739,max,maksimal
1740,maximum,maksimal
1741,maybe,mungkin
1742,mb,mbak
1743,mba,mbak
1744,mbake,mbaknya
1745,mbaku,mbakku
1746,mbalek,balik
1747,mbalekno,kembalikan
1748,mbalik,balik
1749,mbanya,mbaknya
1750,mbaq,mbak
1751,mbek,sama
1752,mbiyen,dahulu
1753,mbk,mbak
1754,mboten,tidak
1755,mbrikan,memberikan
1756,mbuat,membuat
1757,mbwa,membawa
1758,mcam,macam
1759,mcetnya,macetnya
1760,mcm,macam
1761,mcm2,macam-macam
1762,mdg,mending
1763,mdh,mudah
1764,mdh2an,mudah-mudahan
1765,mdh2n,mudah-mudahan
1766,mdingan,mendingan
1767,mekah,mekkah
1768,melakukanya,melakukannya
1769,melangar,melanggar
1770,melu,ikut
1771,memasukan,memasukkan
1772,membalikan,membalikkan
1773,membiarkanya,membiarkannya
1774,membutuhkn,membutuhkan
1775,memgumpulkan,mengumpulkan
1776,memikirkanya,memikirkannya
1777,memperingatai,memperingati
1778,mempermslhin,mempermasalahkan
1779,mempertangungjawabkanya,mempertanggungjawabkannya
1780,memprduksi,memproduksi
1781,mempromosika,mempromosikan
1782,menaklukan,menaklukkan
1783,menakotkan,menakutkan
1784,menangapi,menanggapi
1785,menangungnya,menanggungnya
1786,mendonlot,mengunduh
1787,mendownload,mengunduh
1788,mendpat,mendapat
1789,mendptkan,mendapatkan
1790,meneng,diam
1791,mengabulkanya,mengabulkannya
1792,mengagalkan,menggagalkan
1793,mengalahkn,mengalahkan
1794,mengambar,menggambar
1795,mengambarkan,menggambarkan
1796,mengandeng,menggandeng
1797,mengangap,menganggap
1798,mengangu,mengganggu
1799,menganguk,mengangguk
1800,menganti,mengganti
1801,mengantung,menggantung
1802,mengasikan,mengasyikkan
1803,mengasyikan,mengasyikkan
1804,mengatakn,mengatakan
1805,mengelar,menggelar
1806,mengeliat,menggeliat
1807,mengelinding,menggelinding
1808,mengelitik,menggelitik
1809,mengembirakan,menggembirakan
1810,mengen2in,membuat kepingin
1811,mengeringkanya,mengeringkannya
1812,menggunakn,menggunakan
1813,menggunkan,menggunakan
1814,menggunkn,menggunakan
1815,mengirimkn,mengirimkan
1816,mengktfka,mengaktifkan
1817,mengoda,menggoda
1818,mengugah,menggugah
1819,mengunakan,menggunakan
1820,mengunakn,menggunakan
1821,menguncang,mengguncang
1822,mengunkan,menggunakan
1823,mengunkn,menggunakan
1824,menheningkan,mengheningkan
1825,menhub,menteri perhubungan
1826,meningal,meninggal
1827,meningalkan,meninggalkan
1828,meningalnya,meninggalnya
1829,menungang,menunggang
1830,menungu,menunggu
1831,menungumu,menunggumu
1832,menunjukan,menunjukkan
1833,menyengol,menyenggol
1834,merayakanya,merayakannya
1835,merit,menikah
1836,mesinya,mesinnya
1837,mesjid,masjid
1838,met,selamat
1839,mewah2,mewah-mewah
1840,meweg,mau nangis
1841,mewek,mau nangis
1842,mgalami,mengalami
1843,mggelar,menggelar
1844,mggu,minggu
1845,mghntarkan,menghantarkan
1846,mgkin,mungkin
1847,mgkn,mungkin
1848,mgkt,berangkat
1849,mgok,mogok
1850,mhn,mohon
1851,mhon,mohon
1852,mhsiswamu,mahasiswamu
1853,mi apah,demi apa
1854,miapa,demi apa
1855,miapah,demi apa
1856,miapeh,demi apa
1857,mikir,berfikir
1858,mikir2,berfikir-fikir
1859,mikiran,suka berfikir
1860,mikiri,memikirkan
1861,mikirin,memikirkan
1862,mikirkeun,memikirkan
1863,mikirny,berfikirnya
1864,mikirnya,berfikirnya
1865,milikny,miliknya
1866,miliku,milikku
1867,mingir,minggir
1868,mingu,minggu
1869,mingu2,minggu-minggu
1870,minguan,mingguan
1871,mingunya,minggunya
1872,mingux,minggunya
1873,mint,minta
1874,mintain,mintakan
1875,misalny,misalnya
1876,mjd,menjadi
1877,mka,maka
1878,mkan,makan
1879,mkanya,makanya
1880,mkasih,terimakasih
1881,mkmur,makmur
1882,mkn,makan
1883,mknan,makanan
1884,mknya,makanya
1885,mks,terimakasih
1886,mksd,maksud
1887,mksdnya,maksudnya
1888,mksh,terimakasih
1889,mksi,terimakasih
1890,mksih,terimakasih
1891,mksimal,maksimal
1892,mksod,maksud
1893,mksud,maksud
1894,mksudny,maksudnya
1895,mksudnya,maksudnya
1896,mlah,malah
1897,mlai,mulai
1898,mlaku,jalan
1899,mlaku2,jalan-jalan
1900,mlakukan,melakukan
1901,mlakune,jalannya
1902,mlam,malam
1903,mlaz,malas
1904,mlebu,masuk
1905,mledug,meledak
1906,mleduk,meledak
1907,mlem,malam
1908,mlepas,melepas
1909,mles,malas
1910,mlggr,melanggar
1911,mlgr,melanggar]
1912,mlh,malah
1913,mlihat,melihat
1914,mlintas,melintas
1915,mlkukan,melakukan
1916,mlm,malam
1917,mlm2,malam-malam
1918,mlmnya,malamnya
1919,mls,malas
1920,mlulu,melulu
1921,mmbahana,membahana
1922,mmbawaku,membawaku
1923,mmbedakan,membedakan
1924,mmbeli,membeli
1925,mmbhyakn,membahayakan
1926,mmbrikan,memberikan
1927,mmbuat,membuat
1928,mmbutuhkan,membutuhkan
1929,mmg,memang
1930,mmiliki,memiliki
1931,mmperkuat,memperkuat
1932,mmperpanjang,memperpanjang
1933,mmpi,mimpi
1934,mmpr,mampir
1935,mmprlihatkn,memperlihatkan
1936,mmprsiapkn,mempersiapkan
1937,mmpu,mampu
1938,mmpus,mampus
1939,mn,mana
1940,mna,mana
1941,mnang,menang
1942,mnangkan,menangkan
1943,mnara,menara
1944,mnarik,menarik
1945,mncapai,mencapai
1946,mncari,mencari
1947,mncri,mencari
1948,mndadak,mendadak
1949,mndapatkn,mendapatkan
1950,mndat,mandat
1951,mnding,mending
1952,mndingan,mendingan
1953,mndok,mondok
1954,mndonkrak,mendongkrak
1955,mndptkan,mendapatkan
1956,mndukung,mendukung
1957,mndukungnya,mendukungnya
1958,mndung,mendung
1959,mne,mana
1960,mnfaat,manfaat
1961,mngalami,mengalami
1962,mngalir,mengalir
1963,mngeluarkan,mengeluarkan
1964,mngenang,mengenang
1965,mngendarai,mengendarai
1966,mngerti,mengerti
1967,mnggl,manggil
1968,mnggu,minggu
1969,mngguan,mingguan
1970,mnggunakan,menggunakan
1971,mnggunkn,menggunakan
1972,mnghadap,menghadap
1973,mnghamili,menghamili
1974,mngharap,mengharap
1975,mngheningkan,mengheningkan
1976,mngis,manggis
1977,mngkel,kesal
1978,mngkin,mungkin
1979,mngkn,mungkin
1980,mngkne,makanya
1981,mngkonyo,makanya
1982,mngnai,mengenai
1983,mngsudnye,maksudnya
1984,mngu,minggu
1985,mnguan,mingguan
1986,mngunakan,menggunakan
1987,mngunkn,menggunakan
1988,mnikah,menikah
1989,mnikmti,menikmati
1990,mnis,manis
1991,mnitikberatkan,menitikberatkan
1992,mnjadi,menjadi
1993,mnjd,menjadi
1994,mnjdi,menjadi
1995,mnjem,meminjam
1996,mnjunjung,menjunjung
1997,mnjwab,menjawab
1998,mnnti,menanti
1999,mnrt,menurut
2000,mnt,minta
2001,mnta,minta
2002,mntain,mintakan
2003,mntannya,mantannya
2004,mntanya,mantannya
2005,mntap,mantap
2006,mnti,menanti
2007,mnual,manual
2008,mnuggu,menunggu
2009,mnugu,menunggu
2010,mnuju,menuju
2011,mnum,minum
2012,mnungGu,menunggu
2013,mnungu,menunggu
2014,mnunjukan,menunjukkan
2015,mnunjukkan,menunjukkan
2016,mnurut,menurut
2017,mnurutmu,menurutmu
2018,mnusia,manusia
2019,mnyamar,menyamar
2020,mnyusul,menyusul
2021,mo,mau
2022,modifan,hasil modifikasi
2023,modification,modifikasi
2024,modified,dimodifikasi
2025,modifikasiin,modifikasikan
2026,modifikasin,modifikasikan
2027,moh,tidak mau
2028,momendnya,momennya
2029,moment,momen
2030,moments,momen
2031,momenya,momennya
2032,monasny,monasnya
2033,monday,senin
2034,Mondays,senin
2035,money,uang
2036,monkey,monyet
2037,month,bulan
2038,monyetna,monyetnya
2039,morning,pagi
2040,mornings,pagi
2041,moro,datang
2042,moro2,datang-datang
2043,morosotkeun,memerosotkan
2044,mother,ibu
2045,motoin,mengambil foto
2046,motone,cara mengambil fotonya
2047,motor2,motor-motor
2048,motr,motor
2049,mpe,sampai
2050,mpek,sampai
2051,mpempek,pempek
2052,mperkuat,memperkuat
2053,mperpanjang,memperpanjang
2054,mpun,sudah
2055,mpunya,punya
2056,mrah,marah
2057,mrah2,marah-marah
2058,mrantau,merantau
2059,mrasa,merasa
2060,mrasakany,merasakannya
2061,mrek,mereka
2062,mreka,mereka
2063,mrh,marah
2064,mrhn,marahan
2065,mri,mari
2066,mridnya,muridnya
2067,mriki,kesini
2068,mrinding,merinding
2069,mrip,mirip
2070,mrk,mereka
2071,mrka,mereka
2072,mrono,kesana
2073,mrp,merupakan
2074,mrpti,merpati
2075,mrupakn,merupakan
2076,msak,masak
2077,msalah,masalah
2078,msg,masing
2079,msg2,masing-masing
2080,msh,masih
2081,msih,masih
2082,msing2,masing-masing
2083,msjid,masjid
2084,mski,meski
2085,mskipun,meskipun
2086,mslah,masalah
2087,mslahnya,masalahnya
2088,mslh,masalah
2089,mslhnye,masalahnya
2090,msng,masing
2091,msog,masak
2092,msohan,musuhan
2093,msok,masak
2094,mst,mesti
2095,msti,mesti
2096,msuk,masuk
2097,msukin,masukkan
2098,msuknya,masuknya
2099,mtor,motor
2100,mtor2,motor-motor
2101,mtore,motornya
2102,mtornya,motornya
2103,mtr,motor
2104,mudah2an,mudah-mudahan
2105,mugi,semoga
2106,mugi2,moga-moga
2107,mukax,mukanya
2108,mulay,mulai
2109,muluk2,berlebihan
2110,mumpng,mumpung
2111,mungah,naik
2112,music,musik
2113,musim2,musim-musim
2114,musium,museum
2115,mustinya,mestinya
2116,muter,berputar
2117,muter2,berputar-putar
2118,mw,mau
2119,mwah,mewah
2120,myname,namaku
2121,mz,mas
2122,nabrak,menabrak
2123,naek,naik
2124,nais,nice
2125,naitu,nah itu
2126,nama2,nama-nama
2127,namany,namanya
2128,namanye,namanya
2129,nambah,bertambah
2130,nambah2,nambah-nambah
2131,name,nama
2132,named,dinamai
2133,names,nama
2134,nanganin,menangani
2135,nanges,nangis
2136,nanya,bertanya
2137,nanyain,menanyakan
2138,naon,apa
2139,napa,kenapa
2140,napah,kenapa
2141,nape,kenapa
2142,narcis,narsis
2143,nari,menari
2144,naro,naruh
2145,nasgor,nasi goreng
2146,nasgornya,nasi gorengnya
2147,navigation,navigasi
2148,ndadak,mendadak
2149,ndak,tidak
2150,ndakpapa,tidak apa-apa
2151,ndang,buruan
2152,ndek,sejak
2153,ndelik,bersembunyi
2154,ndelok,melihat
2155,ndengkur,mendengkur
2156,ndi,mana
2157,ndk,tidak
2158,ndodok,jongkok
2159,nduwe,punya
2160,nebelin,menebalkan
2161,need,butuh
2162,needed,dibutuhkan
2163,needs,kebutuhan
2164,negative,negatif
2165,negra,negara
2166,negri,negeri
2167,neh,nih
2168,nelepon,menelpon
2169,nelfon,menelpon
2170,nelor,bertelur
2171,nelp,menelpon
2172,nelpon,menelpon
2173,nelv,menelpon
2174,nelvon,menelpon
2175,nemanin,menemani
2176,nembak,menembak
2177,nembaknya,menembaknya
2178,nembaknye,menembaknya
2179,nembus,menembus
2180,nemen,banget
2181,nemenin,menemani
2182,nemu,menemukan
2183,nemuin,menemui
2184,nemuinnya,menemuinya
2185,nemuinya,menemuinya
2186,nemunya,menemukannya
2187,nenangin,menenangkan
2188,nendang,menendang
2189,nenek2,nenek-nenek
2190,nengheningkan,mengheningkan
2191,nengkene,disini
2192,nengkono,disana
2193,nengok,menengok
2194,nengokin,menengoki
2195,nenteng,membawa
2196,nenteng2,membawa
2197,nepatin,menepati
2198,nerusin,meneruskan
2199,netter,pengguna internet
2200,network,jaringan
2201,never,tidak pernah
2202,nevermind,tidak usah dipikirkan
2203,news,berita
2204,ngabadiin,mengabadikan
2205,ngabadin,mengabadikan
2206,ngabarin,mengabari
2207,ngabisin,menghabiskan
2208,ngabohong,berbohong
2209,ngabolang,berpetualang
2210,ngaca,berkaca
2211,ngacir,kabur
2212,ngadain,mengadakan
2213,ngadem,berteduh
2214,ngademin,meneduhkan
2215,ngadep,menghadap
2216,ngadirin,menghadiri
2217,ngadu,mengadu
2218,ngagetin,mengagetkan
2219,ngajak2,ngajak-ngajak
2220,ngajakgue,mengajak saya
2221,ngajakinya,mengajaknya
2222,ngajari,mengajari
2223,ngajarin,mengajari
2224,ngak,tidak
2225,ngakak,tertawa
2226,ngakuin,mengakui
2227,ngalah,mengalah
2228,ngalahin,mengalahkan
2229,ngalihin,mengalihkan
2230,ngalir,mengalir
2231,ngambang,mengambang
2232,ngambil,mengambil
2233,ngambilin,mengambilkan
2234,ngambilnya,mengambilnya
2235,ngampus,pergi ke kampus
2236,ngamuk2,mengamuk-ngamuk
2237,ngancani,menemani
2238,ngancurin,menghancurkan
2239,ngandeng,menggandeng
2240,ngangap,menganggap
2241,ngangenin,membuat kangen
2242,ngangge,menggunakan
2243,nganggo,menggunakan
2244,ngangguk,mengangguk
2245,ngangur,menganggur
2246,nganjel,mengganjal
2247,nganter,mengantar
2248,nganterin,mengantarkan
2249,nganti,sampai
2250,ngantongi,mengantongi
2251,ngantongin,mengantongi
2252,ngantor,pergi ke kantor
2253,ngantre,mengantri
2254,ngantri,mengantri
2255,ngantrinya,mengantrinya
2256,ngantuks,mengantuk
2257,ngapa2in,ngapa-ngapain
2258,ngapal,menghafal
2259,ngapalin,menghafalkan
2260,ngape,ngapain
2261,ngapo,ngapain
2262,ngapusi,berbohong
2263,ngara,negara
2264,ngarah,mengarah
2265,ngarang,mengarang
2266,ngaranye,negaranya
2267,ngarap,mengerjakan
2268,ngarep,berharap
2269,ngarepane,harapannya
2270,ngarepin,mengharapkan
2271,ngaret,telat
2272,ngarti,mengerti
2273,ngaruh,berpengaruh
2274,ngash,memberi
2275,ngasi,memberi
2276,ngasih,memberi
2277,ngasih2,memberi
2278,ngasihnya,memberinya
2279,ngaso,istirahat
2280,ngasuh,mengasuh
2281,ngatain,mengatakan
2282,ngatasi,mengatasi
2283,ngatasin,mengatasi
2284,ngatur,mengatur
2285,ngawasin,mengawasi
2286,ngawe,membuat
2287,ngawur,ngasal
2288,ngawur2an,ngasal-asalan
2289,ngayal,mengkhayal
2290,ngayalnye,mengkhayalnya
2291,ngbikin,membuat
2292,ngbom,mengebom
2293,ngbrol,mengobrol
2294,ngbuka,membuka
2295,ngdate,berkencan
2296,ngebalikin,mengembalikan
2297,ngebalikinnya,mengembalikannya
2298,ngebalikinya,mengembalikannya
2299,ngeband,main band
2300,ngebangain,membanggakan
2301,ngebanggain,membanggakan
2302,ngebangun,membangun
2303,ngebantai,membantai
2304,ngebanyol,membanyol
2305,ngebawa,membawa
2306,ngebayangin,membayangkan
2307,ngebayanginnya,membayangkannya
2308,ngebayanginya,membayangkannya
2309,ngebel,menelpon
2310,ngebelin,membelikan
2311,ngebilangin,memberitau
2312,ngeblokir,memblokir
2313,ngebo,tidur
2314,Ngebolang,berpetualang
2315,ngebolehin,membolehkan
2316,ngebom,mengebom
2317,ngebor,mengebor
2318,ngebosenin,membosankan
2319,ngebunuh,membunuh
2320,ngebut,mengebut
2321,ngebut2,kebut-kebutan
2322,ngebutz,mengebut
2323,ngebutzzz,mengebut
2324,ngecapin,mengecapi
2325,ngece,mengejek
2326,ngecek,mengecek
2327,ngeces,mengecas
2328,ngecet,mengecat
2329,ngeclub,membuat klub
2330,ngedadak,mendadak
2331,ngedarin,mengedarkan
2332,ngedate,berkencan
2333,ngedeke,membangun
2334,ngedekke,membangun
2335,ngedengkur,mendengkur
2336,ngedit,mengedit
2337,ngedit2,mengedit-edit
2338,ngedoain,mendoakan
2339,ngedor,menembak
2340,ngedp,membayar uang muka
2341,ngedufan,pergi ke dufan
2342,ngedukung,mendukung
2343,ngefolow,ngefollow
2344,ngegolin,mencetak gol
2345,ngehalau,menghalau
2346,ngehargai,menghargai
2347,ngehibur,menghibur
2348,ngehina,menghina
2349,ngehormatin,menghormati
2350,ngejagain,menjagakan
2351,ngejak,mengajak
2352,ngejalanin,menjalani
2353,ngejamin,menjamin
2354,ngejanjin,menjanjikan
2355,ngejar,mengejar
2356,ngejarnya,mengejarnya
2357,ngejek,mengejek
2358,ngejiplak,menjiplak
2359,Ngejual,menjual
2360,ngejubel,berjubel
2361,ngekek,tertawa
2362,ngeksis2an,eksis-eksisan
2363,ngeladenin,meladeni
2364,ngeladeninya,meladeninya
2365,ngelahirin,melahirkan
2366,ngelak,mengelak
2367,ngelaksonin,menglakson
2368,ngelamar,melamar
2369,ngelamun,melamun
2370,ngelanconk,melancong
2371,ngelantik,melantik
2372,ngelantur,melantur
2373,ngelap,mengelap
2374,ngelapak,berjualan
2375,ngelatihnya,melatihnya
2376,ngelawak,melucu
2377,ngeledek,mengejek
2378,ngelelepin,menenggelamkan
2379,ngelepas,melepas
2380,ngeles,membuat alasan
2381,ngelesnya,membuat alasannya
2382,ngelewatin,melewati
2383,ngeliat,melihat
2384,ngeliate,melihat
2385,ngeliatin,memperlihatkan
2386,ngeliatnya,melihatnya
2387,ngelilingin,mengelilingi
2388,ngeliput,meliput
2389,ngelirik,melirik
2390,ngelitik,menggelitik
2391,ngelive,disiarkan langsung
2392,ngelu,pusing
2393,ngeluapin,meluapkan
2394,ngeluarin,mengeluarkan
2395,ngeluarinya,mengeluarkannya
2396,ngelucu,melucu
2397,ngeluh,mengeluh
2398,ngelukis,melukis
2399,ngelupain,melupakan
2400,ngelus,mengelus
2401,ngembalin,mengembalikan
2402,ngembang,mengembang
2403,ngembun,mengembun
2404,ngemeng,ngomong
2405,ngemeng2,ngomong-ngomong
2406,ngemis2,mengemis-ngemis
2407,ngemodus,membuat modus
2408,ngemot,mengemut
2409,ngena,mengena
2410,ngenalin,mengenalkan
2411,ngendap,mengendap
2412,ngene,begini
2413,ngeneh,begini
2414,ngenes,mengenaskan
2415,ngenet,internetan
2416,ngepain,ngapain
2417,ngepel,mengepel
2418,ngepelin,mengepelkan
2419,ngerakit,merakit
2420,ngeramal,meramal
2421,ngeramein,meramaikan
2422,ngerampok,merampok
2423,ngerasa,merasa
2424,ngerasain,merasakan
2425,ngerayain,merayakan
2426,ngerayainnya,merayakannya
2427,ngerayainya,merayakannya
2428,ngerayu,merayu
2429,ngeremehin,meremehkan
2430,ngerencanain,merencanakan
2431,ngerepotin,merepotkan
2432,ngeres2,berpikiran kotor
2433,ngeributin,meributkan
2434,ngerintis,merintis
2435,Ngeriset,melakukan riset
2436,ngerix,ngerinya
2437,ngerjain,mengerjakan
2438,ngerokok,merokok
2439,ngertine,yang dimengerti
2440,ngertio,ngertikan
2441,ngerubah,mengubah
2442,ngerugiin,merugikan
2443,ngerugin,merugikan
2444,ngerusak,merusak
2445,ngerusakin,merusakkan
2446,ngetem,nongkrong
2447,ngetuit,ngetweet
2448,ngetwet,ngetweet
2449,ngetwets,ngetweet
2450,ngetwit,ngetweet
2451,ngetwitnya,ngetweetnya
2452,ngfollow,follow
2453,ngfolow,follow
2454,ngg,tidak
2455,ngga,tidak
2456,nggak,tidak
2457,nggakk,tidak
2458,nggakpapa,tidak apa-apa
2459,nggakyk,tidak seperti
2460,nggandeng,menggandeng
2461,ngganjel,mengganjal
2462,ngganteng,ganteng
2463,nggarap,mengerjakan
2464,nggash,memberi
2465,nggawa,membawa
2466,nggawe,membuat
2467,nggih,iya
2468,nggk,tidak
2469,nggo,untuk
2470,nggon,tempat
2471,nggonku,tempatku
2472,nggowes,bersepeda
2473,nggowo,membawa
2474,nggowo2,membawa
2475,nggu,nunggu
2476,nggundulinnya,menggundulinya
2477,ngguyu,tertawa
2478,nggy,gaya
2479,nghirup,menghirup
2480,ngibul,berkhayal
2481,ngidem,ngikut
2482,ngiderin,mengedarkan
2483,ngigau,mengigau
2484,ngih,iya
2485,ngijinin,mengizinkan
2486,ngikutin,mengikuti
2487,ngilang,menghilang
2488,ngilangin,menghilangkan
2489,ngimpi,mimpi
2490,ngimpih,mimpi
2491,ngimpiku,mimpiku
2492,ngincer,mengincar
2493,ngindarin,menghindari
2494,nginep,menginap
2495,nginepnya,menginapnya
2496,ngingetin,mengingatkan
2497,nginjek,menginjak
2498,ngintil,mengikuti
2499,ngintip,mengintip
2500,ngira,mengira
2501,ngiranya,mengiranya
2502,ngirim,mengirim
2503,ngiris,mengiris
2504,ngirup,menghirup
2505,ngis,nangis
2506,ngisi,mengisi
2507,ngiterin,mengitari
2508,ngitung,menghitung
2509,ngitungin,menghitung
2510,ngjak,mengajak
2511,ngjak2,mengajak-ajak
2512,ngjakin,mengajak
2513,ngjakn,mengajak
2514,ngjar,mengajar
2515,ngjarin,mengajari
2516,ngjk,mengajak
2517,ngjkin,mengajak
2518,ngk,tidak
2519,ngke,nanti
2520,ngko,nanti
2521,ngkost,kos
2522,ngkrong,nongkrong
2523,ngku,mengaku
2524,ngkut,ngikut
2525,nglakokne,menjalankan
2526,nglamar,melamar
2527,nglelang,melelang
2528,nglewatin,melewati
2529,ngliat,melihat
2530,ngliatin,melihat
2531,nglumpuke,mengumpulkan
2532,ngmg,ngomong
2533,ngmgn,ngomongin
2534,ngmng,ngomong
2535,ngmngin,ngomongin
2536,ngmngnya,ngomongnya
2537,ngmong,ngomong
2538,ngmongin,ngomongin
2539,ngmpln,mengumpulkan
2540,ngmpul,kumpul
2541,ngmpulin,mengumpulkan
2542,ngmuk,mengamuk
2543,ngnggur,menganggur
2544,ngngkat,mengangkat
2545,ngntuk,mengantuk
2546,ngo,untuk
2547,ngobro,ngobrol
2548,ngoceh,mengoceh
2549,ngocok,mengocok
2550,ngocol,mengocol
2551,ngolek,mencari
2552,ngoleksi,mengoleksi
2553,ngomel,mengomel
2554,ngomgn,ngomongin
2555,ngomogin,ngomongin
2556,ngomong2,ngomong-ngomong
2557,ngomonge,ngomongnya
2558,ngomongin,ngomongin
2559,ngonku,tempatku
2560,ngonoh,begitu
2561,ngonthel,bersepeda
2562,ngontrak,mengontrak
2563,ngopikeun,ngopikan
2564,ngopo,ngapain
2565,ngosek,nanti
2566,ngowes,bersepeda
2567,ngowo,membawa
2568,ngowo2,membawa
2569,ngp,ngapain
2570,ngpain,ngapain
2571,ngpn,ngapain
2572,ngpo,ngapain
2573,ngra,mengira
2574,ngrakit,merakit
2575,ngrasake,merasakan
2576,ngrasakno,merasakan
2577,ngrayain,merayakan
2578,ngrebut,merebut
2579,ngrokok,merokok
2580,ngrsain,merasakan
2581,ngrti,mengerti
2582,ngrusak,merusak
2583,ngsh,ngasih
2584,ngsih,ngasih
2585,ngubah,mengubah
2586,ngubengi,mengitari
2587,ngucapin,mengucapkan
2588,nguidam,ngidam
2589,ngulang,mengulang
2590,nguliah,kuliah
2591,ngumbar,mengumbar
2592,ngumpet,bersembunyi
2593,ngunu,begitu
2594,ngupi,ngopi
2595,ngupi2,ngopi-ngopi
2596,ngurangin,mengurangi
2597,nguras,menguras
2598,ngurusin,mengurusi
2599,ngurusinya,mengurusinya
2600,ngurusinyo,mengurusinya
2601,ngusul,usul
2602,ngusulin,mengusulkan
2603,ngutang,hutang
2604,ngutangi,menghutangi
2605,nguyu,tertawa
2606,nguyuh,kencing
2607,nie,ini
2608,night,malam
2609,nipuin,menipu
2610,nisan,nissan
2611,njih,iya
2612,njupuk,mengambil
2613,nlp,menelpon
2614,nlpn,menelpon
2615,nma,nama
2616,nmanya,namanya
2617,nmax,namanya
2618,nmna,namanya
2619,nmnya,namanya
2620,nmor,nomor
2621,nmpak,tampak
2622,nmpk,tampak
2623,nmr,nomor
2624,nmrnya,nomornya
2625,nmun,namun
2626,nnggu,menunggu
2627,nngguin,tungguin
2628,nngis,nenagis
2629,nnt,nanti
2630,nnton,nonton
2631,nntonnya,nontonnya
2632,no,nomor
2633,nolak,menolak
2634,nolong,menolong
2635,nolongin,menolong
2636,nomer,nomor
2637,nomere,nomornya
2638,nontonya,nontonnya
2639,nope,nomor HP
2640,nothing,tidak ada
2641,notif,pemberitahuan
2642,notifnya,pemberitahuannya
2643,nov,november
2644,now,sekarang
2645,npa,kenapa
2646,ntar,nanti
2647,nti,nanti
2648,ntinya,nantinya
2649,ntip,nitip
2650,ntn,nonton
2651,nton,nonton
2652,ntr,nanti
2653,number,nomor
2654,numpak,naik
2655,nungu,nunggu
2656,nyampe,sampai
2657,nyelengi,menabung
2658,nyelesein,menyelesaikan
2659,nyembuhin,menyembuhkan
2660,nyempetin,menyempatkan
2661,nyenengin,menyenangkan
2662,nyengol,menyenggol
2663,nyepedah,bersepeda
2664,nyesek,bikin sesak
2665,nyesel,menyesal
2666,nynyi,menyanyi
2667,nyokap,ibu
2668,nyolong,mencuri
2669,nyopet,mencopet
2670,nyupir,menyopir
2671,nyupire,menyopir
2672,nyupiri,menyopir
2673,nyuri,mencuri
2674,og,kok
2675,oia,oh iya
2676,ole-ole,oleh-oleh
2677,ole2,oleh-oleh
2678,oleh2,oleh-oleh
2679,omaigat,Ya Tuhan
2680,omaigot,Ya Tuhan
2681,omdo,omong doang
2682,omg,Ya Tuhan
2683,ono,ada
2684,opo,apa
2685,opr,operator
2686,oprtr,operator
2687,optional,pilihan
2688,options,pilihan
2689,ora,tidak
2690,org,orang
2691,org2,orang-orang
2692,orgalay,orang alay
2693,orgil,orang gila
2694,orgnya,orangnya
2695,orgtua,orangtua
2696,ori,original
2697,orng,orang
2698,orng2,orang-orang
2699,orngny,orangnya
2700,other,lainnya
2701,others,lainnya
2702,otmatis,otomatis
2703,otw,lagi di jalan
2704,"p\baikan""",perbaikan
2705,pa2,apa-apa
2706,pabrkan,pabrikan
2707,pacal,pacar
2708,pacalku,pacarku
2709,pager,pagar
2710,pailit,pelit
2711,pakaianya,pakaiannya
2712,pake,pakai
2713,pakein,pakaikan
2714,pakek,pakai
2715,panasnye,panasnya
2716,pancen,memang
2717,pangil,panggil
2718,pangilan,panggilan
2719,pantes,pantas
2720,parent,orangtua
2721,parents,orangtua
2722,party,pesta
2723,pcar,pacar
2724,pcaran,pacaran
2725,pcarku,pacarku
2726,pcr,[acar
2727,pcran,pacaran
2728,pcrmu,pacarmu
2729,pcrn,pacaran
2730,pcrnya,pacarnya
2731,pcrx,pacarnya
2732,pda,pada
2733,pdahal,padahal
2734,pdhal,padahal
2735,pdhalkan,padahalkan
2736,pdhl,padahal
2737,peace,damai
2738,pedes,pedas
2739,pegel,pegal
2740,pegi,pergi
2741,pekerjan,pekerjaan
2742,pelangan,pelanggan
2743,pelastik,plastik
2744,pelayananya,pelayanannya
2745,pelis,*memohon
2746,pelkunya,pelakunya
2747,pemainya,pemainnya
2748,pemakaianya,pemakaiannya
2749,pembayaranya,pembayarannya
2750,pembelan,pembelaan
2751,pembelanjan,pembelanjaan
2752,pembicaran,pembicaraan
2753,pembicraan,pembicaraan
2754,pembicran,pembicaraan
2755,pemkot,pemerintah kota
2756,pemotor,pemakai motor
2757,pemprov,pemerintah provinsi
2758,pencetane,pencetannya
2759,pencinta,pecinta
2760,pencitran,pencitraan
2761,penderitan,penderitaan
2762,pendiem,pendiam
2763,pengantian,penggantian
2764,pengen,ingin
2765,pengerjan,pengerjaan
2766,pengerjanya,pengerjaannya
2767,penghargan,penghargaan
2768,pengila,penggila
2769,penginapa,penginapan
2770,penginepan,penginapan
2771,pengmuman,pengumuman
2772,penguna,pengguna
2773,pengunan,penggunaan
2774,perasan,perasaan
2775,perasanku,perasaanku
2776,perasanmu,perasaanmu
2777,perduli,peduli
2778,perjlanan,perjalanan
2779,perkiran,perkiraan
2780,perkoro,perkara
2781,perktaan,perkataan
2782,perktan,perkataan
2783,permaenan,permainan
2784,permasalahanya,permasalahannya
2785,pertanyanya,pertanyaannya
2786,pertanyanye,pertanyaannya
2787,pesen,pesan
2788,pesenan,pesanan
2789,pesenanku,pesananku
2790,pg,pagi
2791,pgang,pegang
2792,pgar,pagar
2793,pgen,ingin
2794,pggl,panggil
2795,pgguna,pengguna
2796,pgi,pagi
2797,pgi2,pagi-pagi
2798,pgl,panggil
2799,pgn,ingin
2800,pgnnya,inginnya
2801,pguna,pengguna
2802,phk,pihak
2803,photo,foto
2804,picnic,piknik
2805,picnya,gambarnya
2806,pics,gambar
2807,picture,gambar
2808,pijet,pijat
2809,pijete,pijatnya
2810,pilgub,pemilihan gubernur
2811,pingin,ingin
2812,pinjem,pinjam
2813,pinjeman,pinjaman
2814,pinjemin,pinjamkan
2815,pinten,berapa
2816,pinter,pintar
2817,piro,berapa
2818,pis,damai
2819,pisan,sekali
2820,piscok,pisang cokelat
2821,piye,bagaimana
2822,pk,pakai
2823,pkai,pakai
2824,pke,pakai
2825,pkek,pakai
2826,pkeknyo,pakainya
2827,pkerjaan,pekerjaan
2828,pkerjan,pekerjaan
2829,pket,paket
2830,pkok,pokok
2831,pkoke,pokoknya
2832,pkoknya,pokoknya
2833,pkt,paket
2834,place,tempat
2835,please,*memohon
2836,plen,teman
2837,plend,teman
2838,plg,pulang
2839,plh,pilih
2840,plih,pilih
2841,plihan,pilihan
2842,plihanmu,pilihanmu
2843,plihannya,pilihannya
2844,plihanya,pilihannya
2845,plis,*memohon
2846,pljar,pelajar
2847,plng,pulang
2848,plnggan,pelanggan
2849,pls,pulsa
2850,plsa,pulsa
2851,pmain,pemain
2852,pmbelian,pembelian
2853,pmbngn,pembangunan
2854,pmbngnn,pembangunan
2855,pmbyran,pembayaran
2856,pmenang,pemenang
2857,pmeran,pameran
2858,pnasx,panasnya
2859,pndah,pindah
2860,pndahkn,pindahkan
2861,pndai,pandai
2862,pndeta,pendeta
2863,pndh,pindah
2864,pndhkan,pindahkan
2865,pndk,pendek
2866,pndngn,pandangan
2867,pndok,pondok
2868,pnempatan,penempatan
2869,png,ingin
2870,pngaduan,pengaduan
2871,pngamatan,pengamatan
2872,pngandaran,pangandaran
2873,pngantin,pengantin
2874,pngawas,pengawas
2875,pngecekan,pengecekan
2876,pngeckn,pengecekan
2877,pngemar,penggemar
2878,pngemudi,pengemudi
2879,pngen,ingin
2880,pnggemar,penggemar
2881,pnggil,panggil
2882,pnggila,panggilan
2883,pnggiln,panggilan
2884,pnggiran,pinggiran
2885,pnggl,panggil
2886,pngguna,pengguna
2887,pngil,panggil
2888,pngila,panggilan
2889,pngiln,penggilan
2890,pngiran,pinggiran
2891,pngkal,pangkal
2892,pngkatan,pangkatan
2893,pngl,panggil
2894,pngn,ingin
2895,pngnnya,inginnya
2896,pngnya,inginnya
2897,pngthan,pengetahuan
2898,pnguna,pengguna
2899,pngunjungna,pengunjungnya
2900,pngusaha,pengusaha
2901,pnh,pernah
2902,pnjam,pinjam
2903,pnjang,panjang
2904,pnjem,pinjam
2905,pnngkatan,peningkatan
2906,pnter,pintar
2907,pntes,pantas
2908,pntg,penting
2909,pnting,penting
2910,pntng,penting
2911,pntu,pintu
2912,pnuh,penuh
2913,pnumpang,penumpang
2914,pnungang,penunggang
2915,pny,punya
2916,pnya,punya
2917,pokoke,pokoknya
2918,pokokmen,pokoknya
2919,pokokna,pokoknya
2920,pokokny,pokoknya
2921,pokoknyah,pokoknya
2922,pokoknye,pokoknya
2923,ponakan2,ponakan-ponakan
2924,posisix,posisinya
2925,position,posisi
2926,positip,positif
2927,positive,positif
2928,poto,foto
2929,poto2,foto-foto
2930,potone,fotonya
2931,potonga,potongan
2932,potongane,potongannya
2933,potonganya,potongannya
2934,potongny,potongannya
2935,prancis,perancis
2936,prasaan,perasaan
2937,prasamu,perasaanmu
2938,prasan,perasaan
2939,prbaikn,perbaikan
2940,prbndinganya,perbandingannya
2941,prbyar,prabayar
2942,prcaya,percaya
2943,prcya,percaya
2944,prduk,produk
2945,prepare,persiapan
2946,present,hadir
2947,prformance,pertunjukan
2948,prg,pergi
2949,prgi,pergi
2950,prginy,perginya
2951,prginya,perginya
2952,prhatian,perhatian
2953,prhatin,perhatikan
2954,prhtungan,perhitungan
2955,price,harga
2956,prlu,perlu
2957,prmintaan,permintaan
2958,prmslhkan,permasalahkan
2959,prmukaan,permukaan
2960,prmukan,permukaan
2961,prnah,pernah
2962,prngkt,perangkat
2963,prnh,pernah
2964,produck,produk
2965,product,produk
2966,promise,berjanji
2967,prtm,pertama
2968,prtma,pertama
2969,prtunjukan,pertunjukan
2970,prumahan,perumahan
2971,prusahaan,perusahaan
2972,prusahan,perusahaan
2973,prushaan,perusahaan
2974,prushan,perusahaan
2975,prustasi,frustasi
2976,prwakilan,perwakilan
2977,ps.mingu,pasar minggu
2978,ps.rebo,pasar rebo
2979,psang,pasang
2980,psangin,pasangkan
2981,psngan,pasangan
2982,psat,pusat
2983,psawat,pesawat
2984,pscabyar,pascabayar
2985,psi,pssi
2986,pst,pasti
2987,psti,pasti
2988,pstikan,pastikan
2989,pstikn,pastikan
2990,pstkn,pastikan
2991,psukan,pasukan
2992,pswt,pesawat
2993,ptgs,petugas
2994,pth,putih
2995,ptih,putih
2996,ptngn,potongan
2997,ptong,potong
2998,ptongn,potongan
2999,puanas,panas
3000,public,publik
3001,pulg,pulang
3002,pulkam,pulang kampung
3003,pulng,pulang
3004,punten,maaf
3005,punx,punya
3006,puny,punya
3007,pupuler,popular
3008,pura2,pura-pura
3009,puteri,putri
3010,puth,putih
3011,putrie,putri
3012,putry,putri
3013,py,bagaimana
3014,pye,bagaimana
3015,q,saya
3016,qlw,kalau
3017,qm,kamu
3018,qt,kita
3019,qta,kita
3020,qu,saya
3021,quality,kualitas
3022,quiz,kuis
3023,raiso,tidak bisa
3024,rame,ramai
3025,rame2,ramai-ramai
3026,rasax,rasanya
3027,realitinya,realitanya
3028,receptionist,resepsionis
3029,regi,harga
3030,relation,relasi
3031,relationship,hubungan
3032,relax,santai
3033,reliability,tahan uji
3034,remember,ingat
3035,remembers,mengingatkan
3036,remembr,ingat
3037,repair,perbaiki
3038,repeat,ulangi
3039,replacement,penggantian
3040,replay,pengulangan
3041,report,laporan
3042,reports,laporan
3043,resources,sumberdaya
3044,respect,rasa hormat
3045,revelusion,revolusi
3046,reverse,kebalikan
3047,review,tinjau
3048,reward,hadiah
3049,rgunan,ragunan
3050,rmah,rumah
3051,rmai,ramai
3052,rmbut,rambut
3053,rmh,rumah
3054,rncana,rencana
3055,rncn,rencana
3056,rncna,rencana
3057,row,baris
3058,rsa,rasa
3059,rsak,rusak
3060,rsany,rasanya
3061,rsanya,rasanya
3062,sabaraha,berapa
3063,sabarahaeun,berapa
3064,saeutik,sedikit
3065,safetybelt,sabuk pengaman
3066,saia,saya
3067,saiki,sekarang
3068,sajah,saja
3069,sakalian,sekalian
3070,sam2,sama-sama
3071,sama2,sama-sama
3072,sampe,sampai
3073,sampein,sampaikan
3074,samperin,datangi
3075,samrinda,samarinda
3076,sangad,sangat
3077,sanget,sangat
3078,sangune,uang sakuku
3079,sangup,sanggup
3080,sante2,santai-santai
3081,sapa,siapa
3082,sapah,siapa
3083,sape,siapa
3084,sarano,sarannya
3085,saranya,sarannya
3086,sarap,saraf
3087,sare,tidur
3088,sarebuan,seribuan
3089,sareng,bareng
3090,sat,saat
3091,satuany,satuannya
3092,satuju,setuju
3093,saudra,saudara
3094,sbaliknya,sebaliknya
3095,sbar,sabar
3096,sbb,sebagai berikut
3097,sbel,sebel
3098,sbelah,sebelah
3099,sbelom,sebelum
3100,sbelum,sebelum
3101,sbelumnya,sebelumnya
3102,sbenarnya,sebenarnya
3103,sbenernya,sebenarnya
3104,sberapo,seberapa
3105,sbg,sebagai
3106,sbgai,sebagai
3107,sbgi,sebagai
3108,sbginya,sebagainya
3109,sbk,sibuk
3110,sblah,sebelah
3111,sblh,sebelah
3112,sblm,sebelum
3113,sblmnya,sebelumnya
3114,sblom,sebelum
3115,sblum,sebelum
3116,sbner,sebenarnya
3117,sbnernya,sebenarnya
3118,sbnrnya,sebenarnya
3119,sbnrnye,sebenarnya
3120,sbntar,sebentar
3121,sbnyk,sebanyak
3122,sbongkah,sebingkah
3123,sbr,sabar
3124,sbraha,berapa
3125,sbrnya,sebenarnya
3126,sbrp,seberapa
3127,sbtr,sebentar
3128,sbtu,sabtu
3129,sbuah,sebuah
3130,sbuk,sibuk
3131,sbut,sebut
3132,sbutin,sebutkan
3133,scandal,skandal
3134,scepatnya,secepatnya
3135,sceptnya,secepatnya
3136,sch,sekolah
3137,schol,sekolah
3138,scholarship,beasiswa
3139,scptny,secepatnya
3140,scptnya,secepatnya
3141,scr,secara
3142,scra,secara
3143,sdah,sudah
3144,sdap,sedap
3145,sdekah,sedekah
3146,sdg,sedang
3147,sdh,sudah
3148,sdih,sedih
3149,sdikit,sedikit
3150,sdkh,sedekah
3151,sdkit,sedikit
3152,sdkt,sedikit
3153,sdng,sedang
3154,sdngkan,sedangkan
3155,sdotan,sedotan
3156,sdra2,saudara-saudara
3157,sebenrnya,sebenarnya
3158,seberapo,seberapa
3159,seblm,sebelum
3160,seblum,sebelum
3161,seblumnya,sebelumnya
3162,sebnarnye,sebenarnya
3163,sebntr,sebentar
3164,sebrang,seberang
3165,sebrangnya,seberangnya
3166,secepetnya,secepatnya
3167,secret,rahasia
3168,security,keamanan
3169,sedaya,semua
3170,sekate,sekata
3171,sekate-kate,sekata-kata
3172,seken,bekas
3173,seklian,sekalian
3174,sekola,sekolah
3175,selese,selesai
3176,seling,selling
3177,seller,penjual
3178,selow,santai
3179,semarfren,smartfren
3180,semlm,semalam
3181,semngat,semangat
3182,sempeet,sempat
3183,send,terkirim
3184,senen,senin
3185,seneng,senang
3186,sepda,sepeda
3187,sepert,seperti
3188,sept,september
3189,service,servis
3190,sgala,segala
3191,sgar,segar
3192,sgera,segera
3193,sgini,segini
3194,sgitu,segitu
3195,sgni,segini
3196,sgt,sangat
3197,shg,sehingga
3198,sht,sehat
3199,siapin,siapkan
3200,signal,sinyal
3201,signalnya,sinyalnya
3202,siji,satu
3203,silahakan,silahkan
3204,silhkan,silahkan
3205,simpen,simpan
3206,simpenan,simpanan
3207,simple,simpel
3208,sitik,sedikit
3209,sj,saja
3210,sja,saja
3211,sjti,sejati
3212,skali,sekali
3213,skali2,sekali-kali
3214,skalian,sekalian
3215,skaligus,sekaligus
3216,skalinya,sekalinya
3217,skarang,sekarang
3218,skg ,sekarang
3219,skit,sakit
3220,skitar,sekitar
3221,skitaran,sekitaran
3222,sklh,sekolah
3223,skola,sekolah
3224,skolah,sekolah
3225,skrg,sekarang
3226,skrng,sekarang
3227,slahkn,silahkan
3228,slain,selain
3229,slalu,selalu
3230,slama,selama
3231,slamat,selamat
3232,slangkah,selangkah
3233,slanjut,selanjut
3234,slanjutnya,selanjutnya
3235,slesai,selesai
3236,slgkuh,selingkuh
3237,slh,salah
3238,slhkan,silahkan
3239,slhkn,silahkan
3240,slmat,selamat
3241,slmt,selamat
3242,slow,santai
3243,slrh,seluruh
3244,slruh,seluruh
3245,slsai,selesai
3246,slse,selesai
3247,slu,selalu
3248,sm,sama
3249,smbg,sombong
3250,smbhyg,sembahyang
3251,smbil,sambil
3252,smbl,sambil
3253,smbong,sombong
3254,smbuh,sembuh
3255,smbung,sambung
3256,smcam,semacam
3257,smcm,semacam
3258,smg,semoga
3259,smga,semoga
3260,smgat,semangat
3261,smgt,semangat
3262,smingu,seminggu
3263,smlem,semalam
3264,smlm,semalam
3265,smoga,semoga
3266,smpah,sumpah
3267,smpai,sampai
3268,smpaikn,sampaikan
3269,smpati,simpati
3270,smpe,sampai
3271,smph,sumpah
3272,smpi,sampai
3273,smpingan,sampingan
3274,smpurna,sempurna
3275,smtr,semester
3276,smua,semua
3277,smw,semua
3278,smwa,semua
3279,sna,sana
3280,sndiri,sendiri
3281,sndirian,sendirian
3282,sndr,sendiri
3283,snen,senin
3284,sneng,senang
3285,sng,senang
3286,sngaja,sengaja
3287,sngat,sangat
3288,sngj,sengaja
3289,sngt,sangat
3290,snguh,sungguh
3291,snilai,senilai
3292,so,jadi
3293,sodara,saudara
3294,sodaraan,bersaudara
3295,sodaramu,saudaramu
3296,sodaran,bersaudara
3297,sodarany,saudaranya
3298,solat,salat
3299,sory,maaf
3300,spnjag,sepanjang
3301,sprt,seperti
3302,sprti,seperti
3303,sprtinya,sepertinya
3304,spt,seperti
3305,spti,seperti
3306,sptny,sepertinya
3307,sptnya,sepertinya
3308,spu2,sepupu
3309,spupu,sepupu
3310,sputar,seputar
3311,spy,supaya
3312,spya,supaya
3313,srapan,sarapan
3314,sratus,seratus
3315,srg,sering
3316,sribu,seribu
3317,sring,sering
3318,srius,serius
3319,sruh,suruh
3320,srvcnya,servisnya
3321,srvice,servis
3322,standard,standar
3323,statement,kalimat
3324,stdy,studi
3325,stengah,setengah
3326,stgah,setengah
3327,stgh,setengah
3328,stia,setia
3329,stiap,setiap
3330,sticker,stiker
3331,still,masih
3332,stingi,setinggi
3333,stlah,setelah
3334,stlh,setelah
3335,stngah,setengah
3336,stngh,setengah
3337,stock,persediaan
3338,stuju,setuju
3339,stupid,bodoh
3340,subjec,subjek
3341,subject,subjek
3342,sulsel,sulawesi selatan
3343,sumpeh,sumpah
3344,sumph,sumpah
3345,sunguh,sungguh
3346,sunguh-sunguh,sungguh-sungguh
3347,sunguh2,sungguh-sungguh
3348,sunguhan,sungguhan
3349,swt,subhanahu wata'ala
3350,sy,saya
3351,sya,saya
3352,syg,sayang
3353,syp,siapa
3354,sypa,siapa
3355,syudah,sudah
3356,syukr,terimakasih
3357,syukron,terimakasih
3358,tahzan,bersedih
3359,tajir,kaya
3360,tak,tidak
3361,takada,tidak ada
3362,takan,tidak akan
3363,takboleh,tidak boleh
3364,takda,tidak ada
3365,takdapat,tidak dapat
3366,takde,tidak ada
3367,takdo,tidak ada
3368,takeabath,mandi
3369,takjugak,tidak juga
3370,takkan,tidak akan
3371,takleh,tidak boleh
3372,taklukan,taklukkan
3373,takmau,tidak mau
3374,takmintak,saya minta
3375,taknak,tidak enak
3376,taknampak,tidak nampak
3377,takok,tanya
3378,takon,tanya
3379,takpa,tidak apa-apa
3380,takpe,tidak apa-apa
3381,taksuka,tidak suka
3382,taktau,tidak tau
3383,tanggalny,tanggalnya
3384,tanggane,tetangganya
3385,tangi,bangun
3386,tangkep,tangkap
3387,tangkiny,tangkinya
3388,tanguh,tangguh
3389,tangung,tanggung
3390,tanks,terimakasih
3391,tanye,tanya
3392,tar,nanti
3393,tasih,masih
3394,taudah,tau dah
3395,taudeh,tau dah
3396,taugak,tau tidak
3397,taun,tahun
3398,taunan,tahunan
3399,taunih,tau nih
3400,tauny,taunya
3401,td,tadi
3402,tdaftar,terdaftar
3403,tdak,tidak
3404,tdi,tadi
3405,tdiny,tadinya
3406,tdinya,tadinya
3407,tdk,tidak
3408,tebakar,terbakar
3409,tebel,tebal
3410,tebengkalai,terbengkalai
3411,tegoran,teguran
3412,tejual,terjual
3413,tekape,Tempat Kejadian Perkara
3414,tekok,tanya
3415,tekon,tanya
3416,telfon,telepon
3417,telimakacih,terimakasih
3418,telp,telepon
3419,telpon,telepon
3420,telu,tiga
3421,temn,teman
3422,tenks,terimakasih
3423,tenkyu,terimakasih
3424,tentuin,tentukan
3425,terbnyak,terbanyak
3426,tereak,teriak
3427,terpangang,terpanggang
3428,tetep,tetap
3429,teteup,tetap
3430,teu,tidak
3431,tga,tega
3432,tgah,tengah
3433,tgantung,tergantung
3434,tggal,tanggal
3435,tggalan,tanggalan
3436,tggi,tinggi
3437,tggl,tanggal
3438,tggu,tunggu
3439,tgihan,tagihan
3440,tgjawab,tanggungjawab
3441,tgkat,tingkat
3442,tgl,tanggal
3443,tgn,tangan
3444,tgs,tugas
3445,thanks,terimakasih
3446,thanx,terimakasih
3447,they,mereka
3448,thn,tahun
3449,thx,terimakasih
3450,tidor,tidur
3451,tiker,tikar
3452,time,waktu
3453,timnas,tim nasional
3454,tingal,tinggal
3455,tingalen,tinggalkan saja
3456,tingalin,tinggalkan
3457,tinggl,tinggal
3458,tingi,tinggi
3459,tjawab,terjawab
3460,tjd,terjadi
3461,tkejut,terkejut
3462,tkg,tukang
3463,tki,tenaga kerja Idonesia
3464,tkp,Tempat Kejadian Perkara
3465,tkpaham,tidak paham
3466,tkpe,Tempat Kejadian Perkara
3467,tks,terimakasih
3468,tku,beli
3469,tkut,takut
3470,tkutnya,takutnya
3471,tlah,telah
3472,tlanjur,terlanjur
3473,Tlf,telepon
3474,tlg,tolong
3475,tlh,telah
3476,tlng,tolong
3477,tlong,tolong
3478,tlor,telor
3479,tlp,telepon
3480,tlpn,telepon
3481,tlpnan,teleponan
3482,tman,teman
3483,tmbah,tambah
3484,tmben,tumben
3485,tmbh,tambah
3486,tmbhan,tambahan
3487,tmbhn,tambahan
3488,tmen,teman
3489,tmenan,berteman
3490,tmenya,temannya
3491,tmn,teman
3492,tmnin,temani
3493,tmnny,temannya
3494,tmnnya,temannya
3495,tmpat,tempat
3496,tmpat2,tempat-tempat
3497,tmpatny,tempatnya
3498,tmpt,tempat
3499,tmsk,termasuk
3500,tmt,tamat
3501,tmu,temu
3502,tmukn,temukan
3503,tnang,tenang
3504,tndk,tindak
3505,tndng,tanding
3506,tng,tenang
3507,tngah,tengah
3508,tngal,tinggal
3509,tngerang,tangerang
3510,tnggal,tinggal
3511,tnggi,tinggi
3512,tnggl,tinggal
3513,tnggu,tunggu
3514,tnggung,tanggung
3515,tngh,tengah
3516,tngi,tinggi
3517,tngkap,tangkap
3518,tngkrongan,tongkrongan
3519,tngl,tinggal
3520,tngn,tangan
3521,tngrng,tangerang
3522,tngu,tunggu
3523,tnp,tanpa
3524,tnpa,tanpa
3525,tntu,tentu
3526,tny,tanya
3527,tnya,tanya
3528,tnyaen,tanyakan
3529,tnye,tanya
3530,tnykan,tanyakan
3531,tnyt,ternyata
3532,to,untuk
3533,today,hari ini
3534,tonight,malam ini
3535,tp,tetapi
3536,tpi,tapi
3537,tpt,tepat
3538,tq,terimakasih
3539,trbaik,terbaik
3540,trbang,terbang
3541,trbaru,terbaru
3542,trbng,terbang
3543,trbntuk,terbentuk
3544,trbnyk,terbanyak
3545,trbuat,terbuat
3546,trcela,tercela
3547,tresno,suka
3548,trf,tarif
3549,trget,target
3550,trgntung,tergantung
3551,trguling,terguling
3552,trhambat,terhambat
3553,trhormat,terhormat
3554,trhrmat,terhormat
3555,triak,teriak
3556,trjd,terjadi
3557,trjual,terjual
3558,trkait,terkait
3559,trkenal,terkenal
3560,trkhir,terakhir
3561,trktir,traktir
3562,trlalu,terlalu
3563,trlanjur,terlanjur
3564,trlihat,terlihat
3565,trllu,terlalu
3566,trlu,terlalu
3567,trm,terima
3568,trmasuk,termasuk
3569,trminal,terminal
3570,trminat,terminat
3571,trmksi,terimakasih
3572,trmsk,termasuk
3573,trnsaksi,transaksi
3574,trnsksi,transaksi
3575,trnyata,ternyata
3576,trnyt,ternyata
3577,trptong,terpotong
3578,trpuji,terpuji
3579,trs,terus
3580,trserah,terserah
3581,trtentu,tertentu
3582,TRUE,benar
3583,trus,terus
3584,trust,terpercaya
3585,trutama,terutama
3586,truth,kebenaran
3587,try,mencoba
3588,trz,terus
3589,tsb,tersebut
3590,ttap,tetap
3591,ttapi,tetapi
3592,ttd,tanda tangan
3593,ttng,tentang
3594,ttpi,tetapi
3595,ttwa,tertawa
3596,tu,itu
3597,tuiter,twitter
3598,tuiteran,twitteran
3599,tuiterku,twitterku
3600,tuker,tukar
3601,tukeran,bertukar
3602,tukoke,belikan
3603,tukokne,belikan
3604,tukokno,belikan
3605,tukr,tukar
3606,tuku,beli
3607,tukuen,beli saja
3608,tungu,tunggu
3609,tungulah,tunggulah
3610,tunjukan,tunjukkan
3611,tunjukin,tunjukkan
3612,turu,tidur
3613,tv,televisi
3614,twet,tweet
3615,twit,tweet
3616,twiter,twitter
3617,twiteran,twitteran
3618,u,kamu
3619,u/,untuk
3620,ud,sudah
3621,uda,sudah
3622,udah,sudah
3623,Ude,sudah
3624,udeh,sudah
3625,udh,sudah
3626,uga,tidak
3627,ugak,tidak
3628,ujan,hujan
3629,uke,oke
3630,ulngn,ulangan
3631,ultah,ulang tahun
3632,ulth,ulang tahun
3633,uncle,paman
3634,unyu,lucu
3635,unyukan,lucukan
3636,utamain,utamakan
3637,utk,untuk
3638,vacation,liburan
3639,vidio,video
3640,w,saya
3641,wadh,aduh
3642,wadoh,aduh
3643,wadon,perempuan
3644,wadu,aduh
3645,waduh,aduh
3646,wae,saja
3647,wagub,wakil gubernur
3648,wait,tunggu
3649,walaupn,walaupun
3650,want,ingin
3651,wareg,kenyang
3652,warkop,warung kopi
3653,warteg,warung tegal
3654,wat,untuk
3655,web,situs
3656,website,situs
3657,wedok,perempuan
3658,wekday,weekday
3659,wekeend,akhir pekan
3660,wekend,akhir pekan
3661,wes,sudah
3662,what,apa
3663,when,kapan
3664,where,dimana
3665,while,ketika
3666,why,kenapa
3667,win,menang
3668,wis,sudah
3669,wkt,waktu
3670,wktu,waktu
3671,wktuny,waktunya
3672,wktunya,waktunya
3673,wnita,wanita
3674,woman,wanita
3675,women,wanita
3676,wonten,ada
3677,Wontene,yang ada
3678,words,kata
3679,work,bekerja
3680,world,dunia
3681,wrn,warna
3682,wrna,warna
3683,wtf,bangsat
3684,Wuedan,edan
3685,yaolo,Ya Allah
3686,yaoloh,Ya Allah
3687,Yaowoh,Ya Allah
3688,yaud,ya sudah
3689,Yauda,ya sudah
3690,yaudah,ya sudah
3691,Yaude,ya sudah
3692,yaudeh,ya sudah
3693,yaudh,ya sudah
3694,yawdah,ya sudah
3695,yawes,ya sudah
3696,yaweslah,ya sudahlah
3697,yawlloh,Ya Allah
3698,yawloh,Ya Allah
3699,Yawoh,Ya Allah
3700,Ydh,ya sudah
3701,year,tahun
3702,yearbok,buku tahunan
3703,yearbook,buku tahunan
3704,yegak,iya tidak
3705,yes,ya
3706,yg,yang
3707,yng,yang
3708,yo,ya
3709,yoi,ya
3710,you,kamu
3711,yowes,ya sudah
3712,yoweslah,ya sudahlah
3713,yowis,ya sudah
3714,yth,yang terhormat
3715,yudeh,ya sudah
3716,yudh,ya sudah
3717,ywd,ya sudah
3718,ywdah,ya sudah
3719,ywdh,ya sudah
3720,ywdhlh,ya sudahlah
3721,ywis,ya sudah
